"position","value","chromosome"
1,91,"Chromosome 1"
101,124,"Chromosome 1"
201,89,"Chromosome 1"
301,125,"Chromosome 1"
401,110,"Chromosome 1"
501,65,"Chromosome 1"
601,71,"Chromosome 1"
701,130,"Chromosome 1"
801,160,"Chromosome 1"
901,94,"Chromosome 1"
1001,95,"Chromosome 1"
1101,90,"Chromosome 1"
1201,71,"Chromosome 1"
1301,103,"Chromosome 1"
1401,90,"Chromosome 1"
1501,133,"Chromosome 1"
1601,111,"Chromosome 1"
1701,91,"Chromosome 1"
1801,80,"Chromosome 1"
1901,162,"Chromosome 1"
2001,117,"Chromosome 1"
2101,116,"Chromosome 1"
2201,96,"Chromosome 1"
2301,143,"Chromosome 1"
2401,72,"Chromosome 1"
2501,128,"Chromosome 1"
2601,120,"Chromosome 1"
2701,87,"Chromosome 1"
2801,100,"Chromosome 1"
2901,82,"Chromosome 1"
3001,83,"Chromosome 1"
3101,110,"Chromosome 1"
3201,130,"Chromosome 1"
3301,125,"Chromosome 1"
3401,91,"Chromosome 1"
3501,103,"Chromosome 1"
3601,122,"Chromosome 1"
3701,98,"Chromosome 1"
3801,78,"Chromosome 1"
3901,82,"Chromosome 1"
4001,75,"Chromosome 1"
4101,79,"Chromosome 1"
4201,67,"Chromosome 1"
4301,79,"Chromosome 1"
4401,107,"Chromosome 1"
4501,74,"Chromosome 1"
4601,119,"Chromosome 1"
4701,139,"Chromosome 1"
4801,98,"Chromosome 1"
4901,158,"Chromosome 1"
5001,113,"Chromosome 1"
5101,86,"Chromosome 1"
5201,143,"Chromosome 1"
5301,124,"Chromosome 1"
5401,113,"Chromosome 1"
5501,103,"Chromosome 1"
5601,107,"Chromosome 1"
5701,106,"Chromosome 1"
5801,118,"Chromosome 1"
5901,108,"Chromosome 1"
6001,57,"Chromosome 1"
6101,118,"Chromosome 1"
6201,87,"Chromosome 1"
6301,79,"Chromosome 1"
6401,96,"Chromosome 1"
6501,104,"Chromosome 1"
6601,150,"Chromosome 1"
6701,79,"Chromosome 1"
6801,106,"Chromosome 1"
6901,109,"Chromosome 1"
7001,101,"Chromosome 1"
7101,151,"Chromosome 1"
7201,114,"Chromosome 1"
7301,127,"Chromosome 1"
7401,110,"Chromosome 1"
7501,112,"Chromosome 1"
7601,73,"Chromosome 1"
7701,68,"Chromosome 1"
7801,122,"Chromosome 1"
7901,97,"Chromosome 1"
8001,119,"Chromosome 1"
8101,142,"Chromosome 1"
8201,120,"Chromosome 1"
8301,90,"Chromosome 1"
8401,105,"Chromosome 1"
8501,73,"Chromosome 1"
8601,82,"Chromosome 1"
8701,93,"Chromosome 1"
8801,79,"Chromosome 1"
8901,76,"Chromosome 1"
9001,86,"Chromosome 1"
9101,72,"Chromosome 1"
9201,79,"Chromosome 1"
9301,103,"Chromosome 1"
9401,83,"Chromosome 1"
9501,80,"Chromosome 1"
9601,88,"Chromosome 1"
9701,87,"Chromosome 1"
9801,97,"Chromosome 1"
9901,78,"Chromosome 1"
10001,87,"Chromosome 1"
10101,88,"Chromosome 1"
10201,102,"Chromosome 1"
10301,68,"Chromosome 1"
10401,94,"Chromosome 1"
10501,90,"Chromosome 1"
10601,156,"Chromosome 1"
10701,65,"Chromosome 1"
10801,87,"Chromosome 1"
10901,96,"Chromosome 1"
11001,135,"Chromosome 1"
11101,99,"Chromosome 1"
11201,99,"Chromosome 1"
11301,95,"Chromosome 1"
11401,59,"Chromosome 1"
11501,113,"Chromosome 1"
11601,149,"Chromosome 1"
11701,77,"Chromosome 1"
11801,70,"Chromosome 1"
11901,136,"Chromosome 1"
12001,131,"Chromosome 1"
12101,96,"Chromosome 1"
12201,92,"Chromosome 1"
12301,74,"Chromosome 1"
12401,101,"Chromosome 1"
12501,111,"Chromosome 1"
12601,89,"Chromosome 1"
12701,64,"Chromosome 1"
12801,80,"Chromosome 1"
12901,76,"Chromosome 1"
13001,114,"Chromosome 1"
13101,99,"Chromosome 1"
13201,121,"Chromosome 1"
13301,116,"Chromosome 1"
13401,102,"Chromosome 1"
13501,80,"Chromosome 1"
13601,105,"Chromosome 1"
13701,152,"Chromosome 1"
13801,135,"Chromosome 1"
13901,134,"Chromosome 1"
14001,119,"Chromosome 1"
14101,120,"Chromosome 1"
14201,152,"Chromosome 1"
14301,143,"Chromosome 1"
14401,99,"Chromosome 1"
14501,100,"Chromosome 1"
14601,113,"Chromosome 1"
14701,99,"Chromosome 1"
14801,148,"Chromosome 1"
14901,94,"Chromosome 1"
15001,126,"Chromosome 1"
15101,65,"Chromosome 1"
15201,61,"Chromosome 1"
15301,109,"Chromosome 1"
15401,95,"Chromosome 1"
15501,96,"Chromosome 1"
15601,78,"Chromosome 1"
15701,77,"Chromosome 1"
15801,108,"Chromosome 1"
15901,114,"Chromosome 1"
16001,103,"Chromosome 1"
16101,117,"Chromosome 1"
16201,133,"Chromosome 1"
16301,76,"Chromosome 1"
16401,64,"Chromosome 1"
16501,69,"Chromosome 1"
16601,139,"Chromosome 1"
16701,96,"Chromosome 1"
16801,72,"Chromosome 1"
16901,106,"Chromosome 1"
17001,141,"Chromosome 1"
17101,64,"Chromosome 1"
17201,54,"Chromosome 1"
17301,136,"Chromosome 1"
17401,135,"Chromosome 1"
17501,80,"Chromosome 1"
17601,55,"Chromosome 1"
17701,97,"Chromosome 1"
17801,87,"Chromosome 1"
17901,75,"Chromosome 1"
18001,165,"Chromosome 1"
18101,92,"Chromosome 1"
18201,98,"Chromosome 1"
18301,60,"Chromosome 1"
18401,82,"Chromosome 1"
18501,98,"Chromosome 1"
18601,113,"Chromosome 1"
18701,98,"Chromosome 1"
18801,59,"Chromosome 1"
18901,120,"Chromosome 1"
19001,111,"Chromosome 1"
19101,148,"Chromosome 1"
19201,84,"Chromosome 1"
19301,100,"Chromosome 1"
19401,72,"Chromosome 1"
19501,78,"Chromosome 1"
19601,87,"Chromosome 1"
19701,89,"Chromosome 1"
19801,99,"Chromosome 1"
19901,127,"Chromosome 1"
20001,92,"Chromosome 1"
20101,97,"Chromosome 1"
20201,80,"Chromosome 1"
20301,101,"Chromosome 1"
20401,84,"Chromosome 1"
20501,104,"Chromosome 1"
20601,81,"Chromosome 1"
20701,82,"Chromosome 1"
20801,72,"Chromosome 1"
20901,94,"Chromosome 1"
21001,76,"Chromosome 1"
21101,56,"Chromosome 1"
21201,97,"Chromosome 1"
21301,130,"Chromosome 1"
21401,141,"Chromosome 1"
21501,112,"Chromosome 1"
21601,93,"Chromosome 1"
21701,114,"Chromosome 1"
21801,111,"Chromosome 1"
21901,117,"Chromosome 1"
22001,90,"Chromosome 1"
22101,124,"Chromosome 1"
22201,86,"Chromosome 1"
22301,108,"Chromosome 1"
22401,80,"Chromosome 1"
22501,53,"Chromosome 1"
22601,110,"Chromosome 1"
22701,105,"Chromosome 1"
22801,138,"Chromosome 1"
22901,79,"Chromosome 1"
23001,82,"Chromosome 1"
23101,60,"Chromosome 1"
23201,106,"Chromosome 1"
23301,67,"Chromosome 1"
23401,128,"Chromosome 1"
23501,132,"Chromosome 1"
23601,108,"Chromosome 1"
23701,109,"Chromosome 1"
23801,76,"Chromosome 1"
23901,132,"Chromosome 1"
24001,101,"Chromosome 1"
24101,84,"Chromosome 1"
24201,101,"Chromosome 1"
24301,63,"Chromosome 1"
24401,123,"Chromosome 1"
24501,103,"Chromosome 1"
24601,84,"Chromosome 1"
24701,139,"Chromosome 1"
24801,114,"Chromosome 1"
24901,107,"Chromosome 1"
25001,95,"Chromosome 1"
25101,90,"Chromosome 1"
25201,59,"Chromosome 1"
25301,85,"Chromosome 1"
25401,135,"Chromosome 1"
25501,56,"Chromosome 1"
25601,65,"Chromosome 1"
25701,133,"Chromosome 1"
25801,94,"Chromosome 1"
25901,100,"Chromosome 1"
26001,120,"Chromosome 1"
26101,72,"Chromosome 1"
26201,136,"Chromosome 1"
26301,100,"Chromosome 1"
26401,44,"Chromosome 1"
26501,108,"Chromosome 1"
26601,98,"Chromosome 1"
26701,97,"Chromosome 1"
26801,105,"Chromosome 1"
26901,113,"Chromosome 1"
27001,79,"Chromosome 1"
27101,83,"Chromosome 1"
27201,118,"Chromosome 1"
27301,99,"Chromosome 1"
27401,114,"Chromosome 1"
27501,124,"Chromosome 1"
27601,99,"Chromosome 1"
27701,95,"Chromosome 1"
27801,93,"Chromosome 1"
27901,98,"Chromosome 1"
28001,136,"Chromosome 1"
28101,68,"Chromosome 1"
28201,106,"Chromosome 1"
28301,143,"Chromosome 1"
28401,151,"Chromosome 1"
28501,123,"Chromosome 1"
28601,79,"Chromosome 1"
28701,79,"Chromosome 1"
28801,105,"Chromosome 1"
28901,223,"Chromosome 1"
29001,93,"Chromosome 1"
29101,126,"Chromosome 1"
29201,131,"Chromosome 1"
29301,99,"Chromosome 1"
29401,73,"Chromosome 1"
29501,79,"Chromosome 1"
29601,88,"Chromosome 1"
29701,114,"Chromosome 1"
29801,59,"Chromosome 1"
29901,96,"Chromosome 1"
30001,72,"Chromosome 1"
30101,161,"Chromosome 1"
30201,140,"Chromosome 1"
30301,68,"Chromosome 1"
30401,127,"Chromosome 1"
30501,157,"Chromosome 1"
30601,132,"Chromosome 1"
30701,113,"Chromosome 1"
30801,46,"Chromosome 1"
30901,66,"Chromosome 1"
31001,114,"Chromosome 1"
31101,78,"Chromosome 1"
31201,91,"Chromosome 1"
31301,98,"Chromosome 1"
31401,106,"Chromosome 1"
31501,117,"Chromosome 1"
31601,86,"Chromosome 1"
31701,110,"Chromosome 1"
31801,95,"Chromosome 1"
31901,84,"Chromosome 1"
32001,76,"Chromosome 1"
32101,78,"Chromosome 1"
32201,82,"Chromosome 1"
32301,101,"Chromosome 1"
32401,105,"Chromosome 1"
32501,106,"Chromosome 1"
32601,79,"Chromosome 1"
32701,105,"Chromosome 1"
32801,84,"Chromosome 1"
32901,116,"Chromosome 1"
33001,98,"Chromosome 1"
33101,94,"Chromosome 1"
33201,128,"Chromosome 1"
33301,125,"Chromosome 1"
33401,78,"Chromosome 1"
33501,47,"Chromosome 1"
33601,119,"Chromosome 1"
33701,118,"Chromosome 1"
33801,118,"Chromosome 1"
33901,101,"Chromosome 1"
34001,134,"Chromosome 1"
34101,90,"Chromosome 1"
34201,119,"Chromosome 1"
34301,47,"Chromosome 1"
34401,93,"Chromosome 1"
34501,126,"Chromosome 1"
34601,126,"Chromosome 1"
34701,155,"Chromosome 1"
34801,104,"Chromosome 1"
34901,117,"Chromosome 1"
35001,119,"Chromosome 1"
35101,155,"Chromosome 1"
35201,109,"Chromosome 1"
35301,94,"Chromosome 1"
35401,106,"Chromosome 1"
35501,79,"Chromosome 1"
35601,88,"Chromosome 1"
35701,94,"Chromosome 1"
35801,121,"Chromosome 1"
35901,148,"Chromosome 1"
36001,76,"Chromosome 1"
36101,87,"Chromosome 1"
36201,81,"Chromosome 1"
36301,63,"Chromosome 1"
36401,108,"Chromosome 1"
36501,67,"Chromosome 1"
36601,131,"Chromosome 1"
36701,54,"Chromosome 1"
36801,103,"Chromosome 1"
36901,142,"Chromosome 1"
37001,93,"Chromosome 1"
37101,110,"Chromosome 1"
37201,58,"Chromosome 1"
37301,98,"Chromosome 1"
37401,78,"Chromosome 1"
37501,99,"Chromosome 1"
37601,79,"Chromosome 1"
37701,71,"Chromosome 1"
37801,79,"Chromosome 1"
37901,108,"Chromosome 1"
38001,95,"Chromosome 1"
38101,135,"Chromosome 1"
38201,80,"Chromosome 1"
38301,151,"Chromosome 1"
38401,80,"Chromosome 1"
38501,89,"Chromosome 1"
38601,92,"Chromosome 1"
38701,103,"Chromosome 1"
38801,86,"Chromosome 1"
38901,118,"Chromosome 1"
39001,90,"Chromosome 1"
39101,109,"Chromosome 1"
39201,78,"Chromosome 1"
39301,80,"Chromosome 1"
39401,130,"Chromosome 1"
39501,99,"Chromosome 1"
39601,81,"Chromosome 1"
39701,94,"Chromosome 1"
39801,107,"Chromosome 1"
39901,132,"Chromosome 1"
40001,102,"Chromosome 1"
40101,112,"Chromosome 1"
40201,79,"Chromosome 1"
40301,94,"Chromosome 1"
40401,128,"Chromosome 1"
40501,111,"Chromosome 1"
40601,109,"Chromosome 1"
40701,91,"Chromosome 1"
40801,111,"Chromosome 1"
40901,81,"Chromosome 1"
41001,83,"Chromosome 1"
41101,173,"Chromosome 1"
41201,82,"Chromosome 1"
41301,103,"Chromosome 1"
41401,61,"Chromosome 1"
41501,103,"Chromosome 1"
41601,82,"Chromosome 1"
41701,135,"Chromosome 1"
41801,79,"Chromosome 1"
41901,126,"Chromosome 1"
42001,86,"Chromosome 1"
42101,85,"Chromosome 1"
42201,126,"Chromosome 1"
42301,55,"Chromosome 1"
42401,97,"Chromosome 1"
42501,109,"Chromosome 1"
42601,82,"Chromosome 1"
42701,55,"Chromosome 1"
42801,58,"Chromosome 1"
42901,61,"Chromosome 1"
43001,114,"Chromosome 1"
43101,78,"Chromosome 1"
43201,97,"Chromosome 1"
43301,74,"Chromosome 1"
43401,89,"Chromosome 1"
43501,115,"Chromosome 1"
43601,134,"Chromosome 1"
43701,117,"Chromosome 1"
43801,120,"Chromosome 1"
43901,76,"Chromosome 1"
44001,98,"Chromosome 1"
44101,71,"Chromosome 1"
44201,77,"Chromosome 1"
44301,102,"Chromosome 1"
44401,107,"Chromosome 1"
44501,132,"Chromosome 1"
44601,62,"Chromosome 1"
44701,77,"Chromosome 1"
44801,92,"Chromosome 1"
44901,111,"Chromosome 1"
45001,77,"Chromosome 1"
45101,119,"Chromosome 1"
45201,84,"Chromosome 1"
45301,131,"Chromosome 1"
45401,70,"Chromosome 1"
45501,99,"Chromosome 1"
45601,124,"Chromosome 1"
45701,82,"Chromosome 1"
45801,72,"Chromosome 1"
45901,111,"Chromosome 1"
46001,74,"Chromosome 1"
46101,98,"Chromosome 1"
46201,106,"Chromosome 1"
46301,147,"Chromosome 1"
46401,55,"Chromosome 1"
46501,99,"Chromosome 1"
46601,73,"Chromosome 1"
46701,67,"Chromosome 1"
46801,90,"Chromosome 1"
46901,110,"Chromosome 1"
47001,86,"Chromosome 1"
47101,93,"Chromosome 1"
47201,116,"Chromosome 1"
47301,112,"Chromosome 1"
47401,78,"Chromosome 1"
47501,86,"Chromosome 1"
47601,128,"Chromosome 1"
47701,119,"Chromosome 1"
47801,122,"Chromosome 1"
47901,84,"Chromosome 1"
48001,111,"Chromosome 1"
48101,93,"Chromosome 1"
48201,102,"Chromosome 1"
48301,123,"Chromosome 1"
48401,126,"Chromosome 1"
48501,79,"Chromosome 1"
48601,64,"Chromosome 1"
48701,138,"Chromosome 1"
48801,126,"Chromosome 1"
48901,68,"Chromosome 1"
49001,101,"Chromosome 1"
49101,133,"Chromosome 1"
49201,77,"Chromosome 1"
49301,130,"Chromosome 1"
49401,114,"Chromosome 1"
49501,103,"Chromosome 1"
49601,101,"Chromosome 1"
49701,104,"Chromosome 1"
49801,122,"Chromosome 1"
49901,67,"Chromosome 1"
50001,149,"Chromosome 1"
50101,127,"Chromosome 1"
50201,121,"Chromosome 1"
50301,63,"Chromosome 1"
50401,145,"Chromosome 1"
50501,103,"Chromosome 1"
50601,117,"Chromosome 1"
50701,73,"Chromosome 1"
50801,136,"Chromosome 1"
50901,97,"Chromosome 1"
51001,164,"Chromosome 1"
51101,130,"Chromosome 1"
51201,114,"Chromosome 1"
51301,94,"Chromosome 1"
51401,134,"Chromosome 1"
51501,128,"Chromosome 1"
51601,45,"Chromosome 1"
51701,97,"Chromosome 1"
51801,85,"Chromosome 1"
51901,94,"Chromosome 1"
52001,107,"Chromosome 1"
52101,92,"Chromosome 1"
52201,159,"Chromosome 1"
52301,73,"Chromosome 1"
52401,106,"Chromosome 1"
52501,67,"Chromosome 1"
52601,81,"Chromosome 1"
52701,111,"Chromosome 1"
52801,64,"Chromosome 1"
52901,121,"Chromosome 1"
53001,85,"Chromosome 1"
53101,58,"Chromosome 1"
53201,128,"Chromosome 1"
53301,94,"Chromosome 1"
53401,98,"Chromosome 1"
53501,119,"Chromosome 1"
53601,84,"Chromosome 1"
53701,110,"Chromosome 1"
53801,98,"Chromosome 1"
53901,103,"Chromosome 1"
54001,99,"Chromosome 1"
54101,94,"Chromosome 1"
54201,93,"Chromosome 1"
54301,102,"Chromosome 1"
54401,62,"Chromosome 1"
54501,78,"Chromosome 1"
54601,146,"Chromosome 1"
54701,98,"Chromosome 1"
54801,69,"Chromosome 1"
54901,111,"Chromosome 1"
55001,93,"Chromosome 1"
55101,81,"Chromosome 1"
55201,98,"Chromosome 1"
55301,126,"Chromosome 1"
55401,103,"Chromosome 1"
55501,90,"Chromosome 1"
55601,109,"Chromosome 1"
55701,100,"Chromosome 1"
55801,116,"Chromosome 1"
55901,133,"Chromosome 1"
56001,89,"Chromosome 1"
56101,63,"Chromosome 1"
56201,114,"Chromosome 1"
56301,72,"Chromosome 1"
56401,100,"Chromosome 1"
56501,92,"Chromosome 1"
56601,87,"Chromosome 1"
56701,74,"Chromosome 1"
56801,95,"Chromosome 1"
56901,81,"Chromosome 1"
57001,108,"Chromosome 1"
57101,73,"Chromosome 1"
57201,98,"Chromosome 1"
57301,96,"Chromosome 1"
57401,79,"Chromosome 1"
57501,103,"Chromosome 1"
57601,124,"Chromosome 1"
57701,70,"Chromosome 1"
57801,76,"Chromosome 1"
57901,88,"Chromosome 1"
58001,74,"Chromosome 1"
58101,109,"Chromosome 1"
58201,73,"Chromosome 1"
58301,102,"Chromosome 1"
58401,89,"Chromosome 1"
58501,129,"Chromosome 1"
58601,92,"Chromosome 1"
58701,85,"Chromosome 1"
58801,72,"Chromosome 1"
58901,137,"Chromosome 1"
59001,97,"Chromosome 1"
59101,115,"Chromosome 1"
59201,49,"Chromosome 1"
59301,72,"Chromosome 1"
59401,73,"Chromosome 1"
59501,145,"Chromosome 1"
59601,64,"Chromosome 1"
59701,87,"Chromosome 1"
59801,116,"Chromosome 1"
59901,69,"Chromosome 1"
60001,158,"Chromosome 1"
60101,67,"Chromosome 1"
60201,81,"Chromosome 1"
60301,78,"Chromosome 1"
60401,49,"Chromosome 1"
60501,92,"Chromosome 1"
60601,63,"Chromosome 1"
60701,117,"Chromosome 1"
60801,105,"Chromosome 1"
60901,90,"Chromosome 1"
61001,91,"Chromosome 1"
61101,95,"Chromosome 1"
61201,104,"Chromosome 1"
61301,102,"Chromosome 1"
61401,105,"Chromosome 1"
61501,87,"Chromosome 1"
61601,84,"Chromosome 1"
61701,113,"Chromosome 1"
61801,96,"Chromosome 1"
61901,104,"Chromosome 1"
62001,137,"Chromosome 1"
62101,163,"Chromosome 1"
62201,51,"Chromosome 1"
62301,67,"Chromosome 1"
62401,131,"Chromosome 1"
62501,113,"Chromosome 1"
62601,123,"Chromosome 1"
62701,134,"Chromosome 1"
62801,125,"Chromosome 1"
62901,94,"Chromosome 1"
63001,100,"Chromosome 1"
63101,93,"Chromosome 1"
63201,63,"Chromosome 1"
63301,88,"Chromosome 1"
63401,96,"Chromosome 1"
63501,105,"Chromosome 1"
63601,77,"Chromosome 1"
63701,96,"Chromosome 1"
63801,116,"Chromosome 1"
63901,94,"Chromosome 1"
64001,84,"Chromosome 1"
64101,71,"Chromosome 1"
64201,69,"Chromosome 1"
64301,103,"Chromosome 1"
64401,136,"Chromosome 1"
64501,105,"Chromosome 1"
64601,87,"Chromosome 1"
64701,131,"Chromosome 1"
64801,73,"Chromosome 1"
64901,86,"Chromosome 1"
65001,135,"Chromosome 1"
65101,88,"Chromosome 1"
65201,90,"Chromosome 1"
65301,79,"Chromosome 1"
65401,82,"Chromosome 1"
65501,94,"Chromosome 1"
65601,100,"Chromosome 1"
65701,124,"Chromosome 1"
65801,137,"Chromosome 1"
65901,90,"Chromosome 1"
66001,72,"Chromosome 1"
66101,95,"Chromosome 1"
66201,74,"Chromosome 1"
66301,138,"Chromosome 1"
66401,95,"Chromosome 1"
66501,113,"Chromosome 1"
66601,87,"Chromosome 1"
66701,65,"Chromosome 1"
66801,137,"Chromosome 1"
66901,81,"Chromosome 1"
67001,65,"Chromosome 1"
67101,133,"Chromosome 1"
67201,77,"Chromosome 1"
67301,73,"Chromosome 1"
67401,71,"Chromosome 1"
67501,62,"Chromosome 1"
67601,113,"Chromosome 1"
67701,140,"Chromosome 1"
67801,105,"Chromosome 1"
67901,110,"Chromosome 1"
68001,55,"Chromosome 1"
68101,109,"Chromosome 1"
68201,86,"Chromosome 1"
68301,106,"Chromosome 1"
68401,56,"Chromosome 1"
68501,136,"Chromosome 1"
68601,103,"Chromosome 1"
68701,77,"Chromosome 1"
68801,85,"Chromosome 1"
68901,85,"Chromosome 1"
69001,147,"Chromosome 1"
69101,108,"Chromosome 1"
69201,77,"Chromosome 1"
69301,118,"Chromosome 1"
69401,131,"Chromosome 1"
69501,95,"Chromosome 1"
69601,97,"Chromosome 1"
69701,104,"Chromosome 1"
69801,56,"Chromosome 1"
69901,109,"Chromosome 1"
70001,65,"Chromosome 1"
70101,77,"Chromosome 1"
70201,48,"Chromosome 1"
70301,58,"Chromosome 1"
70401,121,"Chromosome 1"
70501,61,"Chromosome 1"
70601,143,"Chromosome 1"
70701,108,"Chromosome 1"
70801,126,"Chromosome 1"
70901,111,"Chromosome 1"
71001,72,"Chromosome 1"
71101,120,"Chromosome 1"
71201,67,"Chromosome 1"
71301,92,"Chromosome 1"
71401,103,"Chromosome 1"
71501,113,"Chromosome 1"
71601,56,"Chromosome 1"
71701,73,"Chromosome 1"
71801,67,"Chromosome 1"
71901,161,"Chromosome 1"
72001,96,"Chromosome 1"
72101,72,"Chromosome 1"
72201,66,"Chromosome 1"
72301,88,"Chromosome 1"
72401,126,"Chromosome 1"
72501,145,"Chromosome 1"
72601,113,"Chromosome 1"
72701,59,"Chromosome 1"
72801,132,"Chromosome 1"
72901,92,"Chromosome 1"
73001,91,"Chromosome 1"
73101,146,"Chromosome 1"
73201,104,"Chromosome 1"
73301,121,"Chromosome 1"
73401,117,"Chromosome 1"
73501,73,"Chromosome 1"
73601,87,"Chromosome 1"
73701,127,"Chromosome 1"
73801,99,"Chromosome 1"
73901,91,"Chromosome 1"
74001,99,"Chromosome 1"
74101,89,"Chromosome 1"
74201,123,"Chromosome 1"
74301,155,"Chromosome 1"
74401,103,"Chromosome 1"
74501,116,"Chromosome 1"
74601,109,"Chromosome 1"
74701,104,"Chromosome 1"
74801,82,"Chromosome 1"
74901,86,"Chromosome 1"
75001,73,"Chromosome 1"
75101,113,"Chromosome 1"
75201,116,"Chromosome 1"
75301,101,"Chromosome 1"
75401,110,"Chromosome 1"
75501,101,"Chromosome 1"
75601,109,"Chromosome 1"
75701,99,"Chromosome 1"
75801,95,"Chromosome 1"
75901,107,"Chromosome 1"
76001,81,"Chromosome 1"
76101,72,"Chromosome 1"
76201,122,"Chromosome 1"
76301,92,"Chromosome 1"
76401,136,"Chromosome 1"
76501,117,"Chromosome 1"
76601,160,"Chromosome 1"
76701,89,"Chromosome 1"
76801,137,"Chromosome 1"
76901,159,"Chromosome 1"
77001,130,"Chromosome 1"
77101,105,"Chromosome 1"
77201,49,"Chromosome 1"
77301,112,"Chromosome 1"
77401,87,"Chromosome 1"
77501,61,"Chromosome 1"
77601,67,"Chromosome 1"
77701,87,"Chromosome 1"
77801,141,"Chromosome 1"
77901,144,"Chromosome 1"
78001,98,"Chromosome 1"
78101,98,"Chromosome 1"
78201,109,"Chromosome 1"
78301,69,"Chromosome 1"
78401,101,"Chromosome 1"
78501,132,"Chromosome 1"
78601,115,"Chromosome 1"
78701,81,"Chromosome 1"
78801,105,"Chromosome 1"
78901,70,"Chromosome 1"
79001,66,"Chromosome 1"
79101,104,"Chromosome 1"
79201,90,"Chromosome 1"
79301,65,"Chromosome 1"
79401,101,"Chromosome 1"
79501,66,"Chromosome 1"
79601,88,"Chromosome 1"
79701,55,"Chromosome 1"
79801,83,"Chromosome 1"
79901,124,"Chromosome 1"
80001,176,"Chromosome 1"
80101,153,"Chromosome 1"
80201,91,"Chromosome 1"
80301,93,"Chromosome 1"
80401,106,"Chromosome 1"
80501,116,"Chromosome 1"
80601,73,"Chromosome 1"
80701,105,"Chromosome 1"
80801,89,"Chromosome 1"
80901,96,"Chromosome 1"
81001,43,"Chromosome 1"
81101,83,"Chromosome 1"
81201,109,"Chromosome 1"
81301,90,"Chromosome 1"
81401,80,"Chromosome 1"
81501,98,"Chromosome 1"
81601,91,"Chromosome 1"
81701,105,"Chromosome 1"
81801,71,"Chromosome 1"
81901,87,"Chromosome 1"
82001,109,"Chromosome 1"
82101,111,"Chromosome 1"
82201,72,"Chromosome 1"
82301,78,"Chromosome 1"
82401,199,"Chromosome 1"
82501,99,"Chromosome 1"
82601,133,"Chromosome 1"
82701,89,"Chromosome 1"
82801,84,"Chromosome 1"
82901,82,"Chromosome 1"
83001,70,"Chromosome 1"
83101,87,"Chromosome 1"
83201,87,"Chromosome 1"
83301,85,"Chromosome 1"
83401,54,"Chromosome 1"
83501,72,"Chromosome 1"
83601,109,"Chromosome 1"
83701,86,"Chromosome 1"
83801,125,"Chromosome 1"
83901,124,"Chromosome 1"
84001,95,"Chromosome 1"
84101,93,"Chromosome 1"
84201,133,"Chromosome 1"
84301,82,"Chromosome 1"
84401,167,"Chromosome 1"
84501,125,"Chromosome 1"
84601,106,"Chromosome 1"
84701,133,"Chromosome 1"
84801,102,"Chromosome 1"
84901,100,"Chromosome 1"
85001,89,"Chromosome 1"
85101,136,"Chromosome 1"
85201,95,"Chromosome 1"
85301,76,"Chromosome 1"
85401,59,"Chromosome 1"
85501,100,"Chromosome 1"
85601,90,"Chromosome 1"
85701,79,"Chromosome 1"
85801,110,"Chromosome 1"
85901,74,"Chromosome 1"
86001,117,"Chromosome 1"
86101,64,"Chromosome 1"
86201,106,"Chromosome 1"
86301,107,"Chromosome 1"
86401,88,"Chromosome 1"
86501,85,"Chromosome 1"
86601,103,"Chromosome 1"
86701,87,"Chromosome 1"
86801,116,"Chromosome 1"
86901,121,"Chromosome 1"
87001,189,"Chromosome 1"
87101,113,"Chromosome 1"
87201,160,"Chromosome 1"
87301,151,"Chromosome 1"
87401,82,"Chromosome 1"
87501,111,"Chromosome 1"
87601,54,"Chromosome 1"
87701,82,"Chromosome 1"
87801,101,"Chromosome 1"
87901,85,"Chromosome 1"
88001,137,"Chromosome 1"
88101,101,"Chromosome 1"
88201,97,"Chromosome 1"
88301,111,"Chromosome 1"
88401,96,"Chromosome 1"
88501,131,"Chromosome 1"
88601,71,"Chromosome 1"
88701,98,"Chromosome 1"
88801,82,"Chromosome 1"
88901,117,"Chromosome 1"
89001,99,"Chromosome 1"
89101,42,"Chromosome 1"
89201,83,"Chromosome 1"
89301,151,"Chromosome 1"
89401,75,"Chromosome 1"
89501,123,"Chromosome 1"
89601,94,"Chromosome 1"
89701,116,"Chromosome 1"
89801,115,"Chromosome 1"
89901,146,"Chromosome 1"
90001,66,"Chromosome 1"
90101,106,"Chromosome 1"
90201,120,"Chromosome 1"
90301,82,"Chromosome 1"
90401,82,"Chromosome 1"
90501,94,"Chromosome 1"
90601,107,"Chromosome 1"
90701,143,"Chromosome 1"
90801,66,"Chromosome 1"
90901,76,"Chromosome 1"
91001,93,"Chromosome 1"
91101,74,"Chromosome 1"
91201,100,"Chromosome 1"
91301,95,"Chromosome 1"
91401,94,"Chromosome 1"
91501,114,"Chromosome 1"
91601,84,"Chromosome 1"
91701,93,"Chromosome 1"
91801,88,"Chromosome 1"
91901,98,"Chromosome 1"
92001,97,"Chromosome 1"
92101,94,"Chromosome 1"
92201,118,"Chromosome 1"
92301,81,"Chromosome 1"
92401,104,"Chromosome 1"
92501,111,"Chromosome 1"
92601,91,"Chromosome 1"
92701,115,"Chromosome 1"
92801,79,"Chromosome 1"
92901,138,"Chromosome 1"
93001,107,"Chromosome 1"
93101,116,"Chromosome 1"
93201,83,"Chromosome 1"
93301,100,"Chromosome 1"
93401,94,"Chromosome 1"
93501,134,"Chromosome 1"
93601,119,"Chromosome 1"
93701,51,"Chromosome 1"
93801,144,"Chromosome 1"
93901,115,"Chromosome 1"
94001,89,"Chromosome 1"
94101,100,"Chromosome 1"
94201,116,"Chromosome 1"
94301,101,"Chromosome 1"
94401,118,"Chromosome 1"
94501,132,"Chromosome 1"
94601,84,"Chromosome 1"
94701,105,"Chromosome 1"
94801,62,"Chromosome 1"
94901,97,"Chromosome 1"
95001,130,"Chromosome 1"
95101,46,"Chromosome 1"
95201,77,"Chromosome 1"
95301,98,"Chromosome 1"
95401,94,"Chromosome 1"
95501,77,"Chromosome 1"
95601,131,"Chromosome 1"
95701,66,"Chromosome 1"
95801,139,"Chromosome 1"
95901,120,"Chromosome 1"
96001,116,"Chromosome 1"
96101,106,"Chromosome 1"
96201,89,"Chromosome 1"
96301,104,"Chromosome 1"
96401,97,"Chromosome 1"
96501,76,"Chromosome 1"
96601,62,"Chromosome 1"
96701,121,"Chromosome 1"
96801,111,"Chromosome 1"
96901,85,"Chromosome 1"
97001,115,"Chromosome 1"
97101,119,"Chromosome 1"
97201,85,"Chromosome 1"
97301,104,"Chromosome 1"
97401,77,"Chromosome 1"
97501,59,"Chromosome 1"
97601,54,"Chromosome 1"
97701,162,"Chromosome 1"
97801,100,"Chromosome 1"
97901,99,"Chromosome 1"
98001,115,"Chromosome 1"
98101,92,"Chromosome 1"
98201,90,"Chromosome 1"
98301,74,"Chromosome 1"
98401,108,"Chromosome 1"
98501,126,"Chromosome 1"
98601,89,"Chromosome 1"
98701,82,"Chromosome 1"
98801,78,"Chromosome 1"
98901,110,"Chromosome 1"
99001,129,"Chromosome 1"
99101,118,"Chromosome 1"
99201,118,"Chromosome 1"
99301,68,"Chromosome 1"
99401,181,"Chromosome 1"
99501,137,"Chromosome 1"
99601,150,"Chromosome 1"
99701,111,"Chromosome 1"
99801,67,"Chromosome 1"
99901,120,"Chromosome 1"
1,97,"Chromosome 2"
101,108,"Chromosome 2"
201,90,"Chromosome 2"
301,160,"Chromosome 2"
401,105,"Chromosome 2"
501,171,"Chromosome 2"
601,80,"Chromosome 2"
701,97,"Chromosome 2"
801,103,"Chromosome 2"
901,107,"Chromosome 2"
1001,150,"Chromosome 2"
1101,83,"Chromosome 2"
1201,138,"Chromosome 2"
1301,136,"Chromosome 2"
1401,89,"Chromosome 2"
1501,118,"Chromosome 2"
1601,109,"Chromosome 2"
1701,108,"Chromosome 2"
1801,142,"Chromosome 2"
1901,83,"Chromosome 2"
2001,167,"Chromosome 2"
2101,102,"Chromosome 2"
2201,170,"Chromosome 2"
2301,88,"Chromosome 2"
2401,111,"Chromosome 2"
2501,157,"Chromosome 2"
2601,109,"Chromosome 2"
2701,89,"Chromosome 2"
2801,123,"Chromosome 2"
2901,85,"Chromosome 2"
3001,123,"Chromosome 2"
3101,127,"Chromosome 2"
3201,115,"Chromosome 2"
3301,99,"Chromosome 2"
3401,117,"Chromosome 2"
3501,136,"Chromosome 2"
3601,124,"Chromosome 2"
3701,109,"Chromosome 2"
3801,145,"Chromosome 2"
3901,150,"Chromosome 2"
4001,114,"Chromosome 2"
4101,132,"Chromosome 2"
4201,96,"Chromosome 2"
4301,81,"Chromosome 2"
4401,127,"Chromosome 2"
4501,142,"Chromosome 2"
4601,145,"Chromosome 2"
4701,159,"Chromosome 2"
4801,196,"Chromosome 2"
4901,129,"Chromosome 2"
5001,104,"Chromosome 2"
5101,121,"Chromosome 2"
5201,144,"Chromosome 2"
5301,129,"Chromosome 2"
5401,135,"Chromosome 2"
5501,87,"Chromosome 2"
5601,165,"Chromosome 2"
5701,146,"Chromosome 2"
5801,106,"Chromosome 2"
5901,112,"Chromosome 2"
6001,109,"Chromosome 2"
6101,120,"Chromosome 2"
6201,111,"Chromosome 2"
6301,101,"Chromosome 2"
6401,75,"Chromosome 2"
6501,101,"Chromosome 2"
6601,90,"Chromosome 2"
6701,105,"Chromosome 2"
6801,93,"Chromosome 2"
6901,122,"Chromosome 2"
7001,90,"Chromosome 2"
7101,154,"Chromosome 2"
7201,112,"Chromosome 2"
7301,163,"Chromosome 2"
7401,112,"Chromosome 2"
7501,131,"Chromosome 2"
7601,118,"Chromosome 2"
7701,121,"Chromosome 2"
7801,113,"Chromosome 2"
7901,96,"Chromosome 2"
8001,190,"Chromosome 2"
8101,176,"Chromosome 2"
8201,97,"Chromosome 2"
8301,128,"Chromosome 2"
8401,101,"Chromosome 2"
8501,108,"Chromosome 2"
8601,122,"Chromosome 2"
8701,87,"Chromosome 2"
8801,89,"Chromosome 2"
8901,93,"Chromosome 2"
9001,73,"Chromosome 2"
9101,133,"Chromosome 2"
9201,103,"Chromosome 2"
9301,78,"Chromosome 2"
9401,102,"Chromosome 2"
9501,96,"Chromosome 2"
9601,151,"Chromosome 2"
9701,112,"Chromosome 2"
9801,126,"Chromosome 2"
9901,133,"Chromosome 2"
10001,112,"Chromosome 2"
10101,111,"Chromosome 2"
10201,131,"Chromosome 2"
10301,136,"Chromosome 2"
10401,111,"Chromosome 2"
10501,115,"Chromosome 2"
10601,164,"Chromosome 2"
10701,72,"Chromosome 2"
10801,115,"Chromosome 2"
10901,95,"Chromosome 2"
11001,124,"Chromosome 2"
11101,100,"Chromosome 2"
11201,106,"Chromosome 2"
11301,156,"Chromosome 2"
11401,118,"Chromosome 2"
11501,93,"Chromosome 2"
11601,149,"Chromosome 2"
11701,122,"Chromosome 2"
11801,114,"Chromosome 2"
11901,142,"Chromosome 2"
12001,131,"Chromosome 2"
12101,116,"Chromosome 2"
12201,173,"Chromosome 2"
12301,117,"Chromosome 2"
12401,65,"Chromosome 2"
12501,103,"Chromosome 2"
12601,134,"Chromosome 2"
12701,111,"Chromosome 2"
12801,147,"Chromosome 2"
12901,82,"Chromosome 2"
13001,101,"Chromosome 2"
13101,113,"Chromosome 2"
13201,106,"Chromosome 2"
13301,138,"Chromosome 2"
13401,159,"Chromosome 2"
13501,155,"Chromosome 2"
13601,132,"Chromosome 2"
13701,118,"Chromosome 2"
13801,128,"Chromosome 2"
13901,108,"Chromosome 2"
14001,141,"Chromosome 2"
14101,106,"Chromosome 2"
14201,132,"Chromosome 2"
14301,160,"Chromosome 2"
14401,108,"Chromosome 2"
14501,128,"Chromosome 2"
14601,136,"Chromosome 2"
14701,98,"Chromosome 2"
14801,159,"Chromosome 2"
14901,87,"Chromosome 2"
15001,111,"Chromosome 2"
15101,124,"Chromosome 2"
15201,145,"Chromosome 2"
15301,74,"Chromosome 2"
15401,110,"Chromosome 2"
15501,125,"Chromosome 2"
15601,119,"Chromosome 2"
15701,94,"Chromosome 2"
15801,50,"Chromosome 2"
15901,123,"Chromosome 2"
16001,113,"Chromosome 2"
16101,117,"Chromosome 2"
16201,153,"Chromosome 2"
16301,119,"Chromosome 2"
16401,151,"Chromosome 2"
16501,99,"Chromosome 2"
16601,127,"Chromosome 2"
16701,120,"Chromosome 2"
16801,75,"Chromosome 2"
16901,170,"Chromosome 2"
17001,150,"Chromosome 2"
17101,91,"Chromosome 2"
17201,137,"Chromosome 2"
17301,123,"Chromosome 2"
17401,70,"Chromosome 2"
17501,124,"Chromosome 2"
17601,135,"Chromosome 2"
17701,135,"Chromosome 2"
17801,121,"Chromosome 2"
17901,133,"Chromosome 2"
18001,140,"Chromosome 2"
18101,125,"Chromosome 2"
18201,93,"Chromosome 2"
18301,161,"Chromosome 2"
18401,88,"Chromosome 2"
18501,125,"Chromosome 2"
18601,128,"Chromosome 2"
18701,128,"Chromosome 2"
18801,124,"Chromosome 2"
18901,130,"Chromosome 2"
19001,112,"Chromosome 2"
19101,57,"Chromosome 2"
19201,118,"Chromosome 2"
19301,120,"Chromosome 2"
19401,112,"Chromosome 2"
19501,158,"Chromosome 2"
19601,92,"Chromosome 2"
19701,120,"Chromosome 2"
19801,115,"Chromosome 2"
19901,138,"Chromosome 2"
20001,133,"Chromosome 2"
20101,108,"Chromosome 2"
20201,122,"Chromosome 2"
20301,131,"Chromosome 2"
20401,112,"Chromosome 2"
20501,97,"Chromosome 2"
20601,78,"Chromosome 2"
20701,132,"Chromosome 2"
20801,77,"Chromosome 2"
20901,113,"Chromosome 2"
21001,97,"Chromosome 2"
21101,111,"Chromosome 2"
21201,139,"Chromosome 2"
21301,108,"Chromosome 2"
21401,131,"Chromosome 2"
21501,102,"Chromosome 2"
21601,113,"Chromosome 2"
21701,85,"Chromosome 2"
21801,109,"Chromosome 2"
21901,114,"Chromosome 2"
22001,138,"Chromosome 2"
22101,122,"Chromosome 2"
22201,86,"Chromosome 2"
22301,115,"Chromosome 2"
22401,111,"Chromosome 2"
22501,131,"Chromosome 2"
22601,113,"Chromosome 2"
22701,100,"Chromosome 2"
22801,128,"Chromosome 2"
22901,160,"Chromosome 2"
23001,146,"Chromosome 2"
23101,143,"Chromosome 2"
23201,114,"Chromosome 2"
23301,121,"Chromosome 2"
23401,133,"Chromosome 2"
23501,112,"Chromosome 2"
23601,142,"Chromosome 2"
23701,117,"Chromosome 2"
23801,115,"Chromosome 2"
23901,153,"Chromosome 2"
24001,87,"Chromosome 2"
24101,99,"Chromosome 2"
24201,134,"Chromosome 2"
24301,150,"Chromosome 2"
24401,96,"Chromosome 2"
24501,82,"Chromosome 2"
24601,86,"Chromosome 2"
24701,105,"Chromosome 2"
24801,110,"Chromosome 2"
24901,107,"Chromosome 2"
25001,127,"Chromosome 2"
25101,84,"Chromosome 2"
25201,99,"Chromosome 2"
25301,78,"Chromosome 2"
25401,89,"Chromosome 2"
25501,189,"Chromosome 2"
25601,104,"Chromosome 2"
25701,113,"Chromosome 2"
25801,132,"Chromosome 2"
25901,93,"Chromosome 2"
26001,85,"Chromosome 2"
26101,153,"Chromosome 2"
26201,126,"Chromosome 2"
26301,125,"Chromosome 2"
26401,96,"Chromosome 2"
26501,118,"Chromosome 2"
26601,94,"Chromosome 2"
26701,99,"Chromosome 2"
26801,82,"Chromosome 2"
26901,125,"Chromosome 2"
27001,110,"Chromosome 2"
27101,131,"Chromosome 2"
27201,128,"Chromosome 2"
27301,94,"Chromosome 2"
27401,100,"Chromosome 2"
27501,80,"Chromosome 2"
27601,120,"Chromosome 2"
27701,164,"Chromosome 2"
27801,121,"Chromosome 2"
27901,114,"Chromosome 2"
28001,140,"Chromosome 2"
28101,110,"Chromosome 2"
28201,131,"Chromosome 2"
28301,137,"Chromosome 2"
28401,144,"Chromosome 2"
28501,126,"Chromosome 2"
28601,107,"Chromosome 2"
28701,96,"Chromosome 2"
28801,99,"Chromosome 2"
28901,110,"Chromosome 2"
29001,147,"Chromosome 2"
29101,123,"Chromosome 2"
29201,86,"Chromosome 2"
29301,135,"Chromosome 2"
29401,174,"Chromosome 2"
29501,170,"Chromosome 2"
29601,186,"Chromosome 2"
29701,144,"Chromosome 2"
29801,99,"Chromosome 2"
29901,104,"Chromosome 2"
30001,152,"Chromosome 2"
30101,167,"Chromosome 2"
30201,100,"Chromosome 2"
30301,149,"Chromosome 2"
30401,127,"Chromosome 2"
30501,130,"Chromosome 2"
30601,118,"Chromosome 2"
30701,115,"Chromosome 2"
30801,80,"Chromosome 2"
30901,93,"Chromosome 2"
31001,89,"Chromosome 2"
31101,87,"Chromosome 2"
31201,145,"Chromosome 2"
31301,116,"Chromosome 2"
31401,95,"Chromosome 2"
31501,142,"Chromosome 2"
31601,154,"Chromosome 2"
31701,106,"Chromosome 2"
31801,143,"Chromosome 2"
31901,99,"Chromosome 2"
32001,120,"Chromosome 2"
32101,128,"Chromosome 2"
32201,65,"Chromosome 2"
32301,158,"Chromosome 2"
32401,128,"Chromosome 2"
32501,155,"Chromosome 2"
32601,148,"Chromosome 2"
32701,112,"Chromosome 2"
32801,106,"Chromosome 2"
32901,111,"Chromosome 2"
33001,96,"Chromosome 2"
33101,140,"Chromosome 2"
33201,98,"Chromosome 2"
33301,122,"Chromosome 2"
33401,146,"Chromosome 2"
33501,148,"Chromosome 2"
33601,166,"Chromosome 2"
33701,180,"Chromosome 2"
33801,124,"Chromosome 2"
33901,115,"Chromosome 2"
34001,127,"Chromosome 2"
34101,93,"Chromosome 2"
34201,125,"Chromosome 2"
34301,114,"Chromosome 2"
34401,132,"Chromosome 2"
34501,135,"Chromosome 2"
34601,123,"Chromosome 2"
34701,173,"Chromosome 2"
34801,172,"Chromosome 2"
34901,140,"Chromosome 2"
35001,130,"Chromosome 2"
35101,124,"Chromosome 2"
35201,122,"Chromosome 2"
35301,116,"Chromosome 2"
35401,127,"Chromosome 2"
35501,149,"Chromosome 2"
35601,113,"Chromosome 2"
35701,106,"Chromosome 2"
35801,82,"Chromosome 2"
35901,95,"Chromosome 2"
36001,93,"Chromosome 2"
36101,129,"Chromosome 2"
36201,119,"Chromosome 2"
36301,149,"Chromosome 2"
36401,127,"Chromosome 2"
36501,124,"Chromosome 2"
36601,134,"Chromosome 2"
36701,153,"Chromosome 2"
36801,106,"Chromosome 2"
36901,150,"Chromosome 2"
37001,101,"Chromosome 2"
37101,120,"Chromosome 2"
37201,115,"Chromosome 2"
37301,79,"Chromosome 2"
37401,119,"Chromosome 2"
37501,109,"Chromosome 2"
37601,89,"Chromosome 2"
37701,91,"Chromosome 2"
37801,97,"Chromosome 2"
37901,114,"Chromosome 2"
38001,127,"Chromosome 2"
38101,112,"Chromosome 2"
38201,117,"Chromosome 2"
38301,123,"Chromosome 2"
38401,141,"Chromosome 2"
38501,157,"Chromosome 2"
38601,160,"Chromosome 2"
38701,126,"Chromosome 2"
38801,123,"Chromosome 2"
38901,111,"Chromosome 2"
39001,103,"Chromosome 2"
39101,81,"Chromosome 2"
39201,135,"Chromosome 2"
39301,110,"Chromosome 2"
39401,107,"Chromosome 2"
39501,106,"Chromosome 2"
39601,130,"Chromosome 2"
39701,129,"Chromosome 2"
39801,126,"Chromosome 2"
39901,141,"Chromosome 2"
40001,96,"Chromosome 2"
40101,100,"Chromosome 2"
40201,95,"Chromosome 2"
40301,119,"Chromosome 2"
40401,135,"Chromosome 2"
40501,115,"Chromosome 2"
40601,112,"Chromosome 2"
40701,60,"Chromosome 2"
40801,94,"Chromosome 2"
40901,157,"Chromosome 2"
41001,102,"Chromosome 2"
41101,89,"Chromosome 2"
41201,87,"Chromosome 2"
41301,77,"Chromosome 2"
41401,94,"Chromosome 2"
41501,103,"Chromosome 2"
41601,79,"Chromosome 2"
41701,93,"Chromosome 2"
41801,99,"Chromosome 2"
41901,107,"Chromosome 2"
42001,104,"Chromosome 2"
42101,113,"Chromosome 2"
42201,128,"Chromosome 2"
42301,116,"Chromosome 2"
42401,119,"Chromosome 2"
42501,139,"Chromosome 2"
42601,149,"Chromosome 2"
42701,108,"Chromosome 2"
42801,132,"Chromosome 2"
42901,159,"Chromosome 2"
43001,103,"Chromosome 2"
43101,85,"Chromosome 2"
43201,113,"Chromosome 2"
43301,97,"Chromosome 2"
43401,151,"Chromosome 2"
43501,110,"Chromosome 2"
43601,114,"Chromosome 2"
43701,113,"Chromosome 2"
43801,104,"Chromosome 2"
43901,111,"Chromosome 2"
44001,115,"Chromosome 2"
44101,100,"Chromosome 2"
44201,97,"Chromosome 2"
44301,160,"Chromosome 2"
44401,75,"Chromosome 2"
44501,116,"Chromosome 2"
44601,140,"Chromosome 2"
44701,109,"Chromosome 2"
44801,88,"Chromosome 2"
44901,130,"Chromosome 2"
45001,110,"Chromosome 2"
45101,100,"Chromosome 2"
45201,121,"Chromosome 2"
45301,81,"Chromosome 2"
45401,134,"Chromosome 2"
45501,70,"Chromosome 2"
45601,167,"Chromosome 2"
45701,106,"Chromosome 2"
45801,99,"Chromosome 2"
45901,198,"Chromosome 2"
46001,95,"Chromosome 2"
46101,151,"Chromosome 2"
46201,126,"Chromosome 2"
46301,151,"Chromosome 2"
46401,136,"Chromosome 2"
46501,106,"Chromosome 2"
46601,168,"Chromosome 2"
46701,148,"Chromosome 2"
46801,132,"Chromosome 2"
46901,121,"Chromosome 2"
47001,66,"Chromosome 2"
47101,131,"Chromosome 2"
47201,130,"Chromosome 2"
47301,137,"Chromosome 2"
47401,106,"Chromosome 2"
47501,85,"Chromosome 2"
47601,142,"Chromosome 2"
47701,109,"Chromosome 2"
47801,58,"Chromosome 2"
47901,163,"Chromosome 2"
48001,102,"Chromosome 2"
48101,61,"Chromosome 2"
48201,93,"Chromosome 2"
48301,115,"Chromosome 2"
48401,125,"Chromosome 2"
48501,149,"Chromosome 2"
48601,111,"Chromosome 2"
48701,121,"Chromosome 2"
48801,137,"Chromosome 2"
48901,134,"Chromosome 2"
49001,141,"Chromosome 2"
49101,125,"Chromosome 2"
49201,120,"Chromosome 2"
49301,160,"Chromosome 2"
49401,157,"Chromosome 2"
49501,120,"Chromosome 2"
49601,139,"Chromosome 2"
49701,76,"Chromosome 2"
49801,137,"Chromosome 2"
49901,146,"Chromosome 2"
50001,85,"Chromosome 2"
50101,80,"Chromosome 2"
50201,120,"Chromosome 2"
50301,132,"Chromosome 2"
50401,101,"Chromosome 2"
50501,151,"Chromosome 2"
50601,99,"Chromosome 2"
50701,112,"Chromosome 2"
50801,123,"Chromosome 2"
50901,100,"Chromosome 2"
51001,105,"Chromosome 2"
51101,77,"Chromosome 2"
51201,98,"Chromosome 2"
51301,106,"Chromosome 2"
51401,114,"Chromosome 2"
51501,140,"Chromosome 2"
51601,122,"Chromosome 2"
51701,116,"Chromosome 2"
51801,102,"Chromosome 2"
51901,113,"Chromosome 2"
52001,92,"Chromosome 2"
52101,91,"Chromosome 2"
52201,193,"Chromosome 2"
52301,115,"Chromosome 2"
52401,110,"Chromosome 2"
52501,98,"Chromosome 2"
52601,133,"Chromosome 2"
52701,101,"Chromosome 2"
52801,87,"Chromosome 2"
52901,98,"Chromosome 2"
53001,133,"Chromosome 2"
53101,143,"Chromosome 2"
53201,104,"Chromosome 2"
53301,115,"Chromosome 2"
53401,122,"Chromosome 2"
53501,124,"Chromosome 2"
53601,141,"Chromosome 2"
53701,82,"Chromosome 2"
53801,131,"Chromosome 2"
53901,97,"Chromosome 2"
54001,125,"Chromosome 2"
54101,106,"Chromosome 2"
54201,84,"Chromosome 2"
54301,109,"Chromosome 2"
54401,156,"Chromosome 2"
54501,94,"Chromosome 2"
54601,123,"Chromosome 2"
54701,117,"Chromosome 2"
54801,135,"Chromosome 2"
54901,126,"Chromosome 2"
55001,125,"Chromosome 2"
55101,143,"Chromosome 2"
55201,94,"Chromosome 2"
55301,118,"Chromosome 2"
55401,122,"Chromosome 2"
55501,70,"Chromosome 2"
55601,144,"Chromosome 2"
55701,111,"Chromosome 2"
55801,163,"Chromosome 2"
55901,117,"Chromosome 2"
56001,168,"Chromosome 2"
56101,125,"Chromosome 2"
56201,126,"Chromosome 2"
56301,104,"Chromosome 2"
56401,113,"Chromosome 2"
56501,146,"Chromosome 2"
56601,133,"Chromosome 2"
56701,116,"Chromosome 2"
56801,160,"Chromosome 2"
56901,182,"Chromosome 2"
57001,106,"Chromosome 2"
57101,173,"Chromosome 2"
57201,119,"Chromosome 2"
57301,180,"Chromosome 2"
57401,78,"Chromosome 2"
57501,124,"Chromosome 2"
57601,148,"Chromosome 2"
57701,122,"Chromosome 2"
57801,95,"Chromosome 2"
57901,143,"Chromosome 2"
58001,139,"Chromosome 2"
58101,123,"Chromosome 2"
58201,151,"Chromosome 2"
58301,99,"Chromosome 2"
58401,149,"Chromosome 2"
58501,89,"Chromosome 2"
58601,151,"Chromosome 2"
58701,58,"Chromosome 2"
58801,100,"Chromosome 2"
58901,128,"Chromosome 2"
59001,148,"Chromosome 2"
59101,167,"Chromosome 2"
59201,153,"Chromosome 2"
59301,149,"Chromosome 2"
59401,127,"Chromosome 2"
59501,95,"Chromosome 2"
59601,138,"Chromosome 2"
59701,78,"Chromosome 2"
59801,110,"Chromosome 2"
59901,112,"Chromosome 2"
60001,148,"Chromosome 2"
60101,116,"Chromosome 2"
60201,180,"Chromosome 2"
60301,156,"Chromosome 2"
60401,133,"Chromosome 2"
60501,142,"Chromosome 2"
60601,137,"Chromosome 2"
60701,166,"Chromosome 2"
60801,135,"Chromosome 2"
60901,125,"Chromosome 2"
61001,151,"Chromosome 2"
61101,107,"Chromosome 2"
61201,80,"Chromosome 2"
61301,124,"Chromosome 2"
61401,107,"Chromosome 2"
61501,101,"Chromosome 2"
61601,123,"Chromosome 2"
61701,143,"Chromosome 2"
61801,150,"Chromosome 2"
61901,157,"Chromosome 2"
62001,132,"Chromosome 2"
62101,98,"Chromosome 2"
62201,138,"Chromosome 2"
62301,113,"Chromosome 2"
62401,94,"Chromosome 2"
62501,130,"Chromosome 2"
62601,158,"Chromosome 2"
62701,107,"Chromosome 2"
62801,79,"Chromosome 2"
62901,129,"Chromosome 2"
63001,77,"Chromosome 2"
63101,88,"Chromosome 2"
63201,86,"Chromosome 2"
63301,112,"Chromosome 2"
63401,98,"Chromosome 2"
63501,98,"Chromosome 2"
63601,133,"Chromosome 2"
63701,69,"Chromosome 2"
63801,139,"Chromosome 2"
63901,106,"Chromosome 2"
64001,127,"Chromosome 2"
64101,154,"Chromosome 2"
64201,132,"Chromosome 2"
64301,109,"Chromosome 2"
64401,128,"Chromosome 2"
64501,127,"Chromosome 2"
64601,91,"Chromosome 2"
64701,166,"Chromosome 2"
64801,133,"Chromosome 2"
64901,135,"Chromosome 2"
65001,126,"Chromosome 2"
65101,112,"Chromosome 2"
65201,118,"Chromosome 2"
65301,182,"Chromosome 2"
65401,119,"Chromosome 2"
65501,115,"Chromosome 2"
65601,96,"Chromosome 2"
65701,130,"Chromosome 2"
65801,101,"Chromosome 2"
65901,103,"Chromosome 2"
66001,94,"Chromosome 2"
66101,53,"Chromosome 2"
66201,155,"Chromosome 2"
66301,125,"Chromosome 2"
66401,99,"Chromosome 2"
66501,139,"Chromosome 2"
66601,141,"Chromosome 2"
66701,103,"Chromosome 2"
66801,129,"Chromosome 2"
66901,130,"Chromosome 2"
67001,178,"Chromosome 2"
67101,103,"Chromosome 2"
67201,98,"Chromosome 2"
67301,134,"Chromosome 2"
67401,122,"Chromosome 2"
67501,146,"Chromosome 2"
67601,101,"Chromosome 2"
67701,127,"Chromosome 2"
67801,83,"Chromosome 2"
67901,97,"Chromosome 2"
68001,109,"Chromosome 2"
68101,122,"Chromosome 2"
68201,167,"Chromosome 2"
68301,112,"Chromosome 2"
68401,95,"Chromosome 2"
68501,95,"Chromosome 2"
68601,123,"Chromosome 2"
68701,111,"Chromosome 2"
68801,203,"Chromosome 2"
68901,176,"Chromosome 2"
69001,131,"Chromosome 2"
69101,98,"Chromosome 2"
69201,106,"Chromosome 2"
69301,89,"Chromosome 2"
69401,118,"Chromosome 2"
69501,137,"Chromosome 2"
69601,108,"Chromosome 2"
69701,91,"Chromosome 2"
69801,131,"Chromosome 2"
69901,114,"Chromosome 2"
70001,177,"Chromosome 2"
70101,126,"Chromosome 2"
70201,159,"Chromosome 2"
70301,184,"Chromosome 2"
70401,111,"Chromosome 2"
70501,111,"Chromosome 2"
70601,85,"Chromosome 2"
70701,117,"Chromosome 2"
70801,88,"Chromosome 2"
70901,96,"Chromosome 2"
71001,170,"Chromosome 2"
71101,136,"Chromosome 2"
71201,153,"Chromosome 2"
71301,161,"Chromosome 2"
71401,121,"Chromosome 2"
71501,88,"Chromosome 2"
71601,106,"Chromosome 2"
71701,124,"Chromosome 2"
71801,106,"Chromosome 2"
71901,98,"Chromosome 2"
72001,82,"Chromosome 2"
72101,93,"Chromosome 2"
72201,98,"Chromosome 2"
72301,157,"Chromosome 2"
72401,148,"Chromosome 2"
72501,136,"Chromosome 2"
72601,97,"Chromosome 2"
72701,76,"Chromosome 2"
72801,123,"Chromosome 2"
72901,133,"Chromosome 2"
73001,136,"Chromosome 2"
73101,76,"Chromosome 2"
73201,123,"Chromosome 2"
73301,108,"Chromosome 2"
73401,80,"Chromosome 2"
73501,141,"Chromosome 2"
73601,114,"Chromosome 2"
73701,139,"Chromosome 2"
73801,137,"Chromosome 2"
73901,112,"Chromosome 2"
74001,95,"Chromosome 2"
74101,212,"Chromosome 2"
74201,109,"Chromosome 2"
74301,92,"Chromosome 2"
74401,158,"Chromosome 2"
74501,133,"Chromosome 2"
74601,128,"Chromosome 2"
74701,121,"Chromosome 2"
74801,99,"Chromosome 2"
74901,104,"Chromosome 2"
75001,120,"Chromosome 2"
75101,111,"Chromosome 2"
75201,99,"Chromosome 2"
75301,128,"Chromosome 2"
75401,141,"Chromosome 2"
75501,123,"Chromosome 2"
75601,89,"Chromosome 2"
75701,96,"Chromosome 2"
75801,119,"Chromosome 2"
75901,104,"Chromosome 2"
76001,132,"Chromosome 2"
76101,105,"Chromosome 2"
76201,115,"Chromosome 2"
76301,132,"Chromosome 2"
76401,66,"Chromosome 2"
76501,213,"Chromosome 2"
76601,146,"Chromosome 2"
76701,112,"Chromosome 2"
76801,105,"Chromosome 2"
76901,94,"Chromosome 2"
77001,85,"Chromosome 2"
77101,169,"Chromosome 2"
77201,89,"Chromosome 2"
77301,122,"Chromosome 2"
77401,142,"Chromosome 2"
77501,131,"Chromosome 2"
77601,107,"Chromosome 2"
77701,102,"Chromosome 2"
77801,164,"Chromosome 2"
77901,92,"Chromosome 2"
78001,91,"Chromosome 2"
78101,181,"Chromosome 2"
78201,97,"Chromosome 2"
78301,132,"Chromosome 2"
78401,129,"Chromosome 2"
78501,213,"Chromosome 2"
78601,100,"Chromosome 2"
78701,98,"Chromosome 2"
78801,142,"Chromosome 2"
78901,140,"Chromosome 2"
79001,100,"Chromosome 2"
79101,141,"Chromosome 2"
79201,112,"Chromosome 2"
79301,71,"Chromosome 2"
79401,117,"Chromosome 2"
79501,111,"Chromosome 2"
79601,132,"Chromosome 2"
79701,116,"Chromosome 2"
79801,164,"Chromosome 2"
79901,122,"Chromosome 2"
80001,144,"Chromosome 2"
80101,121,"Chromosome 2"
80201,97,"Chromosome 2"
80301,129,"Chromosome 2"
80401,74,"Chromosome 2"
80501,98,"Chromosome 2"
80601,157,"Chromosome 2"
80701,97,"Chromosome 2"
80801,98,"Chromosome 2"
80901,141,"Chromosome 2"
81001,155,"Chromosome 2"
81101,123,"Chromosome 2"
81201,119,"Chromosome 2"
81301,95,"Chromosome 2"
81401,118,"Chromosome 2"
81501,125,"Chromosome 2"
81601,163,"Chromosome 2"
81701,142,"Chromosome 2"
81801,109,"Chromosome 2"
81901,123,"Chromosome 2"
82001,135,"Chromosome 2"
82101,121,"Chromosome 2"
82201,129,"Chromosome 2"
82301,105,"Chromosome 2"
82401,101,"Chromosome 2"
82501,133,"Chromosome 2"
82601,169,"Chromosome 2"
82701,109,"Chromosome 2"
82801,101,"Chromosome 2"
82901,164,"Chromosome 2"
83001,69,"Chromosome 2"
83101,169,"Chromosome 2"
83201,112,"Chromosome 2"
83301,80,"Chromosome 2"
83401,81,"Chromosome 2"
83501,95,"Chromosome 2"
83601,166,"Chromosome 2"
83701,94,"Chromosome 2"
83801,121,"Chromosome 2"
83901,134,"Chromosome 2"
84001,106,"Chromosome 2"
84101,92,"Chromosome 2"
84201,151,"Chromosome 2"
84301,151,"Chromosome 2"
84401,128,"Chromosome 2"
84501,123,"Chromosome 2"
84601,115,"Chromosome 2"
84701,101,"Chromosome 2"
84801,147,"Chromosome 2"
84901,79,"Chromosome 2"
85001,94,"Chromosome 2"
85101,104,"Chromosome 2"
85201,99,"Chromosome 2"
85301,135,"Chromosome 2"
85401,128,"Chromosome 2"
85501,114,"Chromosome 2"
85601,106,"Chromosome 2"
85701,116,"Chromosome 2"
85801,113,"Chromosome 2"
85901,122,"Chromosome 2"
86001,116,"Chromosome 2"
86101,129,"Chromosome 2"
86201,150,"Chromosome 2"
86301,127,"Chromosome 2"
86401,93,"Chromosome 2"
86501,129,"Chromosome 2"
86601,68,"Chromosome 2"
86701,137,"Chromosome 2"
86801,104,"Chromosome 2"
86901,126,"Chromosome 2"
87001,99,"Chromosome 2"
87101,122,"Chromosome 2"
87201,88,"Chromosome 2"
87301,76,"Chromosome 2"
87401,102,"Chromosome 2"
87501,96,"Chromosome 2"
87601,175,"Chromosome 2"
87701,117,"Chromosome 2"
87801,165,"Chromosome 2"
87901,100,"Chromosome 2"
88001,147,"Chromosome 2"
88101,149,"Chromosome 2"
88201,181,"Chromosome 2"
88301,190,"Chromosome 2"
88401,134,"Chromosome 2"
88501,113,"Chromosome 2"
88601,128,"Chromosome 2"
88701,131,"Chromosome 2"
88801,123,"Chromosome 2"
88901,162,"Chromosome 2"
89001,137,"Chromosome 2"
89101,143,"Chromosome 2"
89201,115,"Chromosome 2"
89301,88,"Chromosome 2"
89401,119,"Chromosome 2"
89501,84,"Chromosome 2"
89601,119,"Chromosome 2"
89701,117,"Chromosome 2"
89801,159,"Chromosome 2"
89901,53,"Chromosome 2"
90001,123,"Chromosome 2"
90101,106,"Chromosome 2"
90201,133,"Chromosome 2"
90301,97,"Chromosome 2"
90401,105,"Chromosome 2"
90501,158,"Chromosome 2"
90601,123,"Chromosome 2"
90701,113,"Chromosome 2"
90801,137,"Chromosome 2"
90901,89,"Chromosome 2"
91001,94,"Chromosome 2"
91101,152,"Chromosome 2"
91201,151,"Chromosome 2"
91301,116,"Chromosome 2"
91401,102,"Chromosome 2"
91501,97,"Chromosome 2"
91601,74,"Chromosome 2"
91701,85,"Chromosome 2"
91801,90,"Chromosome 2"
91901,123,"Chromosome 2"
92001,110,"Chromosome 2"
92101,120,"Chromosome 2"
92201,142,"Chromosome 2"
92301,86,"Chromosome 2"
92401,131,"Chromosome 2"
92501,110,"Chromosome 2"
92601,114,"Chromosome 2"
92701,121,"Chromosome 2"
92801,121,"Chromosome 2"
92901,121,"Chromosome 2"
93001,98,"Chromosome 2"
93101,151,"Chromosome 2"
93201,146,"Chromosome 2"
93301,129,"Chromosome 2"
93401,127,"Chromosome 2"
93501,107,"Chromosome 2"
93601,157,"Chromosome 2"
93701,111,"Chromosome 2"
93801,108,"Chromosome 2"
93901,124,"Chromosome 2"
94001,183,"Chromosome 2"
94101,102,"Chromosome 2"
94201,118,"Chromosome 2"
94301,118,"Chromosome 2"
94401,139,"Chromosome 2"
94501,143,"Chromosome 2"
94601,93,"Chromosome 2"
94701,96,"Chromosome 2"
94801,93,"Chromosome 2"
94901,151,"Chromosome 2"
95001,134,"Chromosome 2"
95101,72,"Chromosome 2"
95201,143,"Chromosome 2"
95301,92,"Chromosome 2"
95401,121,"Chromosome 2"
95501,121,"Chromosome 2"
95601,141,"Chromosome 2"
95701,129,"Chromosome 2"
95801,135,"Chromosome 2"
95901,124,"Chromosome 2"
96001,136,"Chromosome 2"
96101,165,"Chromosome 2"
96201,126,"Chromosome 2"
96301,116,"Chromosome 2"
96401,135,"Chromosome 2"
96501,176,"Chromosome 2"
96601,116,"Chromosome 2"
96701,108,"Chromosome 2"
96801,102,"Chromosome 2"
96901,138,"Chromosome 2"
97001,133,"Chromosome 2"
97101,108,"Chromosome 2"
97201,151,"Chromosome 2"
97301,156,"Chromosome 2"
97401,114,"Chromosome 2"
97501,85,"Chromosome 2"
97601,152,"Chromosome 2"
97701,127,"Chromosome 2"
97801,82,"Chromosome 2"
97901,112,"Chromosome 2"
98001,100,"Chromosome 2"
98101,138,"Chromosome 2"
98201,142,"Chromosome 2"
98301,102,"Chromosome 2"
98401,140,"Chromosome 2"
98501,176,"Chromosome 2"
98601,132,"Chromosome 2"
98701,120,"Chromosome 2"
98801,141,"Chromosome 2"
98901,134,"Chromosome 2"
99001,173,"Chromosome 2"
99101,123,"Chromosome 2"
99201,151,"Chromosome 2"
99301,106,"Chromosome 2"
99401,81,"Chromosome 2"
99501,117,"Chromosome 2"
99601,121,"Chromosome 2"
99701,102,"Chromosome 2"
99801,79,"Chromosome 2"
99901,87,"Chromosome 2"
1,61,"Chromosome 3"
101,86,"Chromosome 3"
201,74,"Chromosome 3"
301,85,"Chromosome 3"
401,90,"Chromosome 3"
501,57,"Chromosome 3"
601,88,"Chromosome 3"
701,66,"Chromosome 3"
801,93,"Chromosome 3"
901,63,"Chromosome 3"
1001,51,"Chromosome 3"
1101,61,"Chromosome 3"
1201,88,"Chromosome 3"
1301,66,"Chromosome 3"
1401,50,"Chromosome 3"
1501,87,"Chromosome 3"
1601,138,"Chromosome 3"
1701,48,"Chromosome 3"
1801,75,"Chromosome 3"
1901,100,"Chromosome 3"
2001,65,"Chromosome 3"
2101,93,"Chromosome 3"
2201,65,"Chromosome 3"
2301,61,"Chromosome 3"
2401,62,"Chromosome 3"
2501,112,"Chromosome 3"
2601,64,"Chromosome 3"
2701,68,"Chromosome 3"
2801,97,"Chromosome 3"
2901,36,"Chromosome 3"
3001,51,"Chromosome 3"
3101,82,"Chromosome 3"
3201,142,"Chromosome 3"
3301,89,"Chromosome 3"
3401,79,"Chromosome 3"
3501,137,"Chromosome 3"
3601,48,"Chromosome 3"
3701,54,"Chromosome 3"
3801,83,"Chromosome 3"
3901,82,"Chromosome 3"
4001,61,"Chromosome 3"
4101,67,"Chromosome 3"
4201,99,"Chromosome 3"
4301,118,"Chromosome 3"
4401,79,"Chromosome 3"
4501,60,"Chromosome 3"
4601,62,"Chromosome 3"
4701,87,"Chromosome 3"
4801,67,"Chromosome 3"
4901,121,"Chromosome 3"
5001,76,"Chromosome 3"
5101,31,"Chromosome 3"
5201,45,"Chromosome 3"
5301,89,"Chromosome 3"
5401,80,"Chromosome 3"
5501,127,"Chromosome 3"
5601,102,"Chromosome 3"
5701,98,"Chromosome 3"
5801,90,"Chromosome 3"
5901,120,"Chromosome 3"
6001,71,"Chromosome 3"
6101,66,"Chromosome 3"
6201,52,"Chromosome 3"
6301,109,"Chromosome 3"
6401,63,"Chromosome 3"
6501,48,"Chromosome 3"
6601,60,"Chromosome 3"
6701,139,"Chromosome 3"
6801,77,"Chromosome 3"
6901,136,"Chromosome 3"
7001,74,"Chromosome 3"
7101,98,"Chromosome 3"
7201,73,"Chromosome 3"
7301,97,"Chromosome 3"
7401,75,"Chromosome 3"
7501,100,"Chromosome 3"
7601,77,"Chromosome 3"
7701,78,"Chromosome 3"
7801,84,"Chromosome 3"
7901,90,"Chromosome 3"
8001,100,"Chromosome 3"
8101,85,"Chromosome 3"
8201,163,"Chromosome 3"
8301,73,"Chromosome 3"
8401,77,"Chromosome 3"
8501,78,"Chromosome 3"
8601,63,"Chromosome 3"
8701,70,"Chromosome 3"
8801,124,"Chromosome 3"
8901,92,"Chromosome 3"
9001,102,"Chromosome 3"
9101,71,"Chromosome 3"
9201,68,"Chromosome 3"
9301,111,"Chromosome 3"
9401,101,"Chromosome 3"
9501,71,"Chromosome 3"
9601,62,"Chromosome 3"
9701,45,"Chromosome 3"
9801,79,"Chromosome 3"
9901,118,"Chromosome 3"
10001,66,"Chromosome 3"
10101,122,"Chromosome 3"
10201,68,"Chromosome 3"
10301,80,"Chromosome 3"
10401,106,"Chromosome 3"
10501,48,"Chromosome 3"
10601,173,"Chromosome 3"
10701,49,"Chromosome 3"
10801,56,"Chromosome 3"
10901,110,"Chromosome 3"
11001,73,"Chromosome 3"
11101,99,"Chromosome 3"
11201,69,"Chromosome 3"
11301,93,"Chromosome 3"
11401,93,"Chromosome 3"
11501,68,"Chromosome 3"
11601,51,"Chromosome 3"
11701,53,"Chromosome 3"
11801,56,"Chromosome 3"
11901,89,"Chromosome 3"
12001,95,"Chromosome 3"
12101,96,"Chromosome 3"
12201,73,"Chromosome 3"
12301,70,"Chromosome 3"
12401,118,"Chromosome 3"
12501,98,"Chromosome 3"
12601,76,"Chromosome 3"
12701,66,"Chromosome 3"
12801,49,"Chromosome 3"
12901,51,"Chromosome 3"
13001,90,"Chromosome 3"
13101,104,"Chromosome 3"
13201,88,"Chromosome 3"
13301,65,"Chromosome 3"
13401,51,"Chromosome 3"
13501,106,"Chromosome 3"
13601,35,"Chromosome 3"
13701,63,"Chromosome 3"
13801,76,"Chromosome 3"
13901,72,"Chromosome 3"
14001,99,"Chromosome 3"
14101,39,"Chromosome 3"
14201,124,"Chromosome 3"
14301,103,"Chromosome 3"
14401,72,"Chromosome 3"
14501,97,"Chromosome 3"
14601,95,"Chromosome 3"
14701,63,"Chromosome 3"
14801,76,"Chromosome 3"
14901,82,"Chromosome 3"
15001,68,"Chromosome 3"
15101,97,"Chromosome 3"
15201,39,"Chromosome 3"
15301,57,"Chromosome 3"
15401,53,"Chromosome 3"
15501,58,"Chromosome 3"
15601,90,"Chromosome 3"
15701,83,"Chromosome 3"
15801,59,"Chromosome 3"
15901,69,"Chromosome 3"
16001,49,"Chromosome 3"
16101,50,"Chromosome 3"
16201,90,"Chromosome 3"
16301,86,"Chromosome 3"
16401,50,"Chromosome 3"
16501,92,"Chromosome 3"
16601,59,"Chromosome 3"
16701,100,"Chromosome 3"
16801,79,"Chromosome 3"
16901,65,"Chromosome 3"
17001,80,"Chromosome 3"
17101,66,"Chromosome 3"
17201,76,"Chromosome 3"
17301,86,"Chromosome 3"
17401,88,"Chromosome 3"
17501,91,"Chromosome 3"
17601,76,"Chromosome 3"
17701,89,"Chromosome 3"
17801,71,"Chromosome 3"
17901,146,"Chromosome 3"
18001,105,"Chromosome 3"
18101,88,"Chromosome 3"
18201,100,"Chromosome 3"
18301,62,"Chromosome 3"
18401,62,"Chromosome 3"
18501,70,"Chromosome 3"
18601,89,"Chromosome 3"
18701,49,"Chromosome 3"
18801,44,"Chromosome 3"
18901,110,"Chromosome 3"
19001,102,"Chromosome 3"
19101,56,"Chromosome 3"
19201,100,"Chromosome 3"
19301,97,"Chromosome 3"
19401,94,"Chromosome 3"
19501,95,"Chromosome 3"
19601,64,"Chromosome 3"
19701,139,"Chromosome 3"
19801,89,"Chromosome 3"
19901,106,"Chromosome 3"
20001,64,"Chromosome 3"
20101,102,"Chromosome 3"
20201,69,"Chromosome 3"
20301,73,"Chromosome 3"
20401,91,"Chromosome 3"
20501,95,"Chromosome 3"
20601,97,"Chromosome 3"
20701,43,"Chromosome 3"
20801,78,"Chromosome 3"
20901,93,"Chromosome 3"
21001,97,"Chromosome 3"
21101,84,"Chromosome 3"
21201,99,"Chromosome 3"
21301,67,"Chromosome 3"
21401,68,"Chromosome 3"
21501,64,"Chromosome 3"
21601,85,"Chromosome 3"
21701,114,"Chromosome 3"
21801,91,"Chromosome 3"
21901,64,"Chromosome 3"
22001,95,"Chromosome 3"
22101,98,"Chromosome 3"
22201,57,"Chromosome 3"
22301,75,"Chromosome 3"
22401,70,"Chromosome 3"
22501,59,"Chromosome 3"
22601,79,"Chromosome 3"
22701,96,"Chromosome 3"
22801,95,"Chromosome 3"
22901,77,"Chromosome 3"
23001,101,"Chromosome 3"
23101,59,"Chromosome 3"
23201,83,"Chromosome 3"
23301,133,"Chromosome 3"
23401,79,"Chromosome 3"
23501,88,"Chromosome 3"
23601,56,"Chromosome 3"
23701,95,"Chromosome 3"
23801,71,"Chromosome 3"
23901,70,"Chromosome 3"
24001,89,"Chromosome 3"
24101,124,"Chromosome 3"
24201,68,"Chromosome 3"
24301,53,"Chromosome 3"
24401,65,"Chromosome 3"
24501,97,"Chromosome 3"
24601,93,"Chromosome 3"
24701,97,"Chromosome 3"
24801,95,"Chromosome 3"
24901,91,"Chromosome 3"
25001,81,"Chromosome 3"
25101,83,"Chromosome 3"
25201,64,"Chromosome 3"
25301,80,"Chromosome 3"
25401,87,"Chromosome 3"
25501,58,"Chromosome 3"
25601,91,"Chromosome 3"
25701,76,"Chromosome 3"
25801,77,"Chromosome 3"
25901,54,"Chromosome 3"
26001,89,"Chromosome 3"
26101,127,"Chromosome 3"
26201,65,"Chromosome 3"
26301,78,"Chromosome 3"
26401,66,"Chromosome 3"
26501,44,"Chromosome 3"
26601,63,"Chromosome 3"
26701,121,"Chromosome 3"
26801,104,"Chromosome 3"
26901,44,"Chromosome 3"
27001,88,"Chromosome 3"
27101,88,"Chromosome 3"
27201,119,"Chromosome 3"
27301,99,"Chromosome 3"
27401,93,"Chromosome 3"
27501,117,"Chromosome 3"
27601,62,"Chromosome 3"
27701,71,"Chromosome 3"
27801,126,"Chromosome 3"
27901,86,"Chromosome 3"
28001,89,"Chromosome 3"
28101,53,"Chromosome 3"
28201,98,"Chromosome 3"
28301,121,"Chromosome 3"
28401,105,"Chromosome 3"
28501,67,"Chromosome 3"
28601,49,"Chromosome 3"
28701,50,"Chromosome 3"
28801,72,"Chromosome 3"
28901,107,"Chromosome 3"
29001,72,"Chromosome 3"
29101,78,"Chromosome 3"
29201,78,"Chromosome 3"
29301,80,"Chromosome 3"
29401,70,"Chromosome 3"
29501,61,"Chromosome 3"
29601,103,"Chromosome 3"
29701,111,"Chromosome 3"
29801,58,"Chromosome 3"
29901,78,"Chromosome 3"
30001,68,"Chromosome 3"
30101,51,"Chromosome 3"
30201,80,"Chromosome 3"
30301,90,"Chromosome 3"
30401,93,"Chromosome 3"
30501,72,"Chromosome 3"
30601,58,"Chromosome 3"
30701,78,"Chromosome 3"
30801,94,"Chromosome 3"
30901,64,"Chromosome 3"
31001,94,"Chromosome 3"
31101,61,"Chromosome 3"
31201,58,"Chromosome 3"
31301,99,"Chromosome 3"
31401,92,"Chromosome 3"
31501,77,"Chromosome 3"
31601,102,"Chromosome 3"
31701,71,"Chromosome 3"
31801,107,"Chromosome 3"
31901,39,"Chromosome 3"
32001,77,"Chromosome 3"
32101,63,"Chromosome 3"
32201,108,"Chromosome 3"
32301,99,"Chromosome 3"
32401,94,"Chromosome 3"
32501,92,"Chromosome 3"
32601,160,"Chromosome 3"
32701,72,"Chromosome 3"
32801,75,"Chromosome 3"
32901,61,"Chromosome 3"
33001,100,"Chromosome 3"
33101,52,"Chromosome 3"
33201,89,"Chromosome 3"
33301,95,"Chromosome 3"
33401,79,"Chromosome 3"
33501,72,"Chromosome 3"
33601,84,"Chromosome 3"
33701,81,"Chromosome 3"
33801,55,"Chromosome 3"
33901,97,"Chromosome 3"
34001,112,"Chromosome 3"
34101,83,"Chromosome 3"
34201,91,"Chromosome 3"
34301,70,"Chromosome 3"
34401,53,"Chromosome 3"
34501,54,"Chromosome 3"
34601,61,"Chromosome 3"
34701,56,"Chromosome 3"
34801,116,"Chromosome 3"
34901,60,"Chromosome 3"
35001,80,"Chromosome 3"
35101,45,"Chromosome 3"
35201,55,"Chromosome 3"
35301,96,"Chromosome 3"
35401,78,"Chromosome 3"
35501,67,"Chromosome 3"
35601,97,"Chromosome 3"
35701,80,"Chromosome 3"
35801,74,"Chromosome 3"
35901,76,"Chromosome 3"
36001,54,"Chromosome 3"
36101,104,"Chromosome 3"
36201,59,"Chromosome 3"
36301,65,"Chromosome 3"
36401,60,"Chromosome 3"
36501,80,"Chromosome 3"
36601,67,"Chromosome 3"
36701,87,"Chromosome 3"
36801,46,"Chromosome 3"
36901,80,"Chromosome 3"
37001,140,"Chromosome 3"
37101,63,"Chromosome 3"
37201,67,"Chromosome 3"
37301,59,"Chromosome 3"
37401,76,"Chromosome 3"
37501,88,"Chromosome 3"
37601,70,"Chromosome 3"
37701,108,"Chromosome 3"
37801,101,"Chromosome 3"
37901,110,"Chromosome 3"
38001,98,"Chromosome 3"
38101,53,"Chromosome 3"
38201,75,"Chromosome 3"
38301,97,"Chromosome 3"
38401,115,"Chromosome 3"
38501,58,"Chromosome 3"
38601,92,"Chromosome 3"
38701,113,"Chromosome 3"
38801,84,"Chromosome 3"
38901,93,"Chromosome 3"
39001,56,"Chromosome 3"
39101,60,"Chromosome 3"
39201,68,"Chromosome 3"
39301,62,"Chromosome 3"
39401,60,"Chromosome 3"
39501,98,"Chromosome 3"
39601,46,"Chromosome 3"
39701,54,"Chromosome 3"
39801,87,"Chromosome 3"
39901,77,"Chromosome 3"
40001,96,"Chromosome 3"
40101,102,"Chromosome 3"
40201,52,"Chromosome 3"
40301,79,"Chromosome 3"
40401,105,"Chromosome 3"
40501,73,"Chromosome 3"
40601,46,"Chromosome 3"
40701,88,"Chromosome 3"
40801,59,"Chromosome 3"
40901,85,"Chromosome 3"
41001,49,"Chromosome 3"
41101,76,"Chromosome 3"
41201,93,"Chromosome 3"
41301,102,"Chromosome 3"
41401,94,"Chromosome 3"
41501,83,"Chromosome 3"
41601,130,"Chromosome 3"
41701,72,"Chromosome 3"
41801,105,"Chromosome 3"
41901,67,"Chromosome 3"
42001,89,"Chromosome 3"
42101,66,"Chromosome 3"
42201,84,"Chromosome 3"
42301,109,"Chromosome 3"
42401,45,"Chromosome 3"
42501,99,"Chromosome 3"
42601,135,"Chromosome 3"
42701,89,"Chromosome 3"
42801,103,"Chromosome 3"
42901,69,"Chromosome 3"
43001,97,"Chromosome 3"
43101,50,"Chromosome 3"
43201,62,"Chromosome 3"
43301,61,"Chromosome 3"
43401,84,"Chromosome 3"
43501,89,"Chromosome 3"
43601,64,"Chromosome 3"
43701,53,"Chromosome 3"
43801,107,"Chromosome 3"
43901,115,"Chromosome 3"
44001,75,"Chromosome 3"
44101,105,"Chromosome 3"
44201,41,"Chromosome 3"
44301,121,"Chromosome 3"
44401,122,"Chromosome 3"
44501,62,"Chromosome 3"
44601,52,"Chromosome 3"
44701,74,"Chromosome 3"
44801,97,"Chromosome 3"
44901,91,"Chromosome 3"
45001,52,"Chromosome 3"
45101,80,"Chromosome 3"
45201,83,"Chromosome 3"
45301,65,"Chromosome 3"
45401,62,"Chromosome 3"
45501,49,"Chromosome 3"
45601,77,"Chromosome 3"
45701,74,"Chromosome 3"
45801,82,"Chromosome 3"
45901,93,"Chromosome 3"
46001,93,"Chromosome 3"
46101,58,"Chromosome 3"
46201,62,"Chromosome 3"
46301,123,"Chromosome 3"
46401,108,"Chromosome 3"
46501,73,"Chromosome 3"
46601,96,"Chromosome 3"
46701,66,"Chromosome 3"
46801,85,"Chromosome 3"
46901,61,"Chromosome 3"
47001,66,"Chromosome 3"
47101,67,"Chromosome 3"
47201,70,"Chromosome 3"
47301,93,"Chromosome 3"
47401,66,"Chromosome 3"
47501,95,"Chromosome 3"
47601,113,"Chromosome 3"
47701,83,"Chromosome 3"
47801,35,"Chromosome 3"
47901,76,"Chromosome 3"
48001,107,"Chromosome 3"
48101,105,"Chromosome 3"
48201,72,"Chromosome 3"
48301,44,"Chromosome 3"
48401,57,"Chromosome 3"
48501,84,"Chromosome 3"
48601,65,"Chromosome 3"
48701,92,"Chromosome 3"
48801,75,"Chromosome 3"
48901,55,"Chromosome 3"
49001,92,"Chromosome 3"
49101,72,"Chromosome 3"
49201,99,"Chromosome 3"
49301,73,"Chromosome 3"
49401,83,"Chromosome 3"
49501,69,"Chromosome 3"
49601,122,"Chromosome 3"
49701,102,"Chromosome 3"
49801,66,"Chromosome 3"
49901,77,"Chromosome 3"
50001,95,"Chromosome 3"
50101,101,"Chromosome 3"
50201,96,"Chromosome 3"
50301,44,"Chromosome 3"
50401,100,"Chromosome 3"
50501,98,"Chromosome 3"
50601,111,"Chromosome 3"
50701,74,"Chromosome 3"
50801,50,"Chromosome 3"
50901,74,"Chromosome 3"
51001,73,"Chromosome 3"
51101,45,"Chromosome 3"
51201,60,"Chromosome 3"
51301,81,"Chromosome 3"
51401,104,"Chromosome 3"
51501,83,"Chromosome 3"
51601,95,"Chromosome 3"
51701,62,"Chromosome 3"
51801,63,"Chromosome 3"
51901,101,"Chromosome 3"
52001,72,"Chromosome 3"
52101,94,"Chromosome 3"
52201,92,"Chromosome 3"
52301,73,"Chromosome 3"
52401,99,"Chromosome 3"
52501,66,"Chromosome 3"
52601,90,"Chromosome 3"
52701,55,"Chromosome 3"
52801,121,"Chromosome 3"
52901,63,"Chromosome 3"
53001,76,"Chromosome 3"
53101,93,"Chromosome 3"
53201,130,"Chromosome 3"
53301,46,"Chromosome 3"
53401,50,"Chromosome 3"
53501,84,"Chromosome 3"
53601,125,"Chromosome 3"
53701,46,"Chromosome 3"
53801,102,"Chromosome 3"
53901,111,"Chromosome 3"
54001,46,"Chromosome 3"
54101,109,"Chromosome 3"
54201,69,"Chromosome 3"
54301,116,"Chromosome 3"
54401,94,"Chromosome 3"
54501,84,"Chromosome 3"
54601,117,"Chromosome 3"
54701,61,"Chromosome 3"
54801,80,"Chromosome 3"
54901,95,"Chromosome 3"
55001,113,"Chromosome 3"
55101,58,"Chromosome 3"
55201,96,"Chromosome 3"
55301,79,"Chromosome 3"
55401,104,"Chromosome 3"
55501,78,"Chromosome 3"
55601,92,"Chromosome 3"
55701,85,"Chromosome 3"
55801,54,"Chromosome 3"
55901,78,"Chromosome 3"
56001,102,"Chromosome 3"
56101,77,"Chromosome 3"
56201,64,"Chromosome 3"
56301,78,"Chromosome 3"
56401,91,"Chromosome 3"
56501,88,"Chromosome 3"
56601,84,"Chromosome 3"
56701,61,"Chromosome 3"
56801,127,"Chromosome 3"
56901,122,"Chromosome 3"
57001,109,"Chromosome 3"
57101,77,"Chromosome 3"
57201,44,"Chromosome 3"
57301,83,"Chromosome 3"
57401,72,"Chromosome 3"
57501,45,"Chromosome 3"
57601,138,"Chromosome 3"
57701,72,"Chromosome 3"
57801,46,"Chromosome 3"
57901,76,"Chromosome 3"
58001,89,"Chromosome 3"
58101,116,"Chromosome 3"
58201,75,"Chromosome 3"
58301,86,"Chromosome 3"
58401,60,"Chromosome 3"
58501,108,"Chromosome 3"
58601,57,"Chromosome 3"
58701,82,"Chromosome 3"
58801,110,"Chromosome 3"
58901,71,"Chromosome 3"
59001,92,"Chromosome 3"
59101,83,"Chromosome 3"
59201,117,"Chromosome 3"
59301,90,"Chromosome 3"
59401,99,"Chromosome 3"
59501,111,"Chromosome 3"
59601,93,"Chromosome 3"
59701,53,"Chromosome 3"
59801,48,"Chromosome 3"
59901,61,"Chromosome 3"
60001,78,"Chromosome 3"
60101,65,"Chromosome 3"
60201,73,"Chromosome 3"
60301,87,"Chromosome 3"
60401,53,"Chromosome 3"
60501,85,"Chromosome 3"
60601,67,"Chromosome 3"
60701,81,"Chromosome 3"
60801,72,"Chromosome 3"
60901,78,"Chromosome 3"
61001,44,"Chromosome 3"
61101,67,"Chromosome 3"
61201,97,"Chromosome 3"
61301,64,"Chromosome 3"
61401,117,"Chromosome 3"
61501,68,"Chromosome 3"
61601,94,"Chromosome 3"
61701,103,"Chromosome 3"
61801,111,"Chromosome 3"
61901,84,"Chromosome 3"
62001,72,"Chromosome 3"
62101,99,"Chromosome 3"
62201,83,"Chromosome 3"
62301,67,"Chromosome 3"
62401,105,"Chromosome 3"
62501,61,"Chromosome 3"
62601,92,"Chromosome 3"
62701,100,"Chromosome 3"
62801,66,"Chromosome 3"
62901,79,"Chromosome 3"
63001,86,"Chromosome 3"
63101,91,"Chromosome 3"
63201,100,"Chromosome 3"
63301,95,"Chromosome 3"
63401,43,"Chromosome 3"
63501,67,"Chromosome 3"
63601,105,"Chromosome 3"
63701,72,"Chromosome 3"
63801,104,"Chromosome 3"
63901,121,"Chromosome 3"
64001,71,"Chromosome 3"
64101,77,"Chromosome 3"
64201,76,"Chromosome 3"
64301,81,"Chromosome 3"
64401,79,"Chromosome 3"
64501,103,"Chromosome 3"
64601,77,"Chromosome 3"
64701,58,"Chromosome 3"
64801,103,"Chromosome 3"
64901,84,"Chromosome 3"
65001,88,"Chromosome 3"
65101,62,"Chromosome 3"
65201,125,"Chromosome 3"
65301,95,"Chromosome 3"
65401,115,"Chromosome 3"
65501,105,"Chromosome 3"
65601,72,"Chromosome 3"
65701,54,"Chromosome 3"
65801,78,"Chromosome 3"
65901,94,"Chromosome 3"
66001,79,"Chromosome 3"
66101,81,"Chromosome 3"
66201,73,"Chromosome 3"
66301,86,"Chromosome 3"
66401,47,"Chromosome 3"
66501,110,"Chromosome 3"
66601,98,"Chromosome 3"
66701,55,"Chromosome 3"
66801,99,"Chromosome 3"
66901,84,"Chromosome 3"
67001,53,"Chromosome 3"
67101,114,"Chromosome 3"
67201,106,"Chromosome 3"
67301,85,"Chromosome 3"
67401,121,"Chromosome 3"
67501,49,"Chromosome 3"
67601,58,"Chromosome 3"
67701,92,"Chromosome 3"
67801,63,"Chromosome 3"
67901,87,"Chromosome 3"
68001,86,"Chromosome 3"
68101,27,"Chromosome 3"
68201,93,"Chromosome 3"
68301,84,"Chromosome 3"
68401,77,"Chromosome 3"
68501,71,"Chromosome 3"
68601,98,"Chromosome 3"
68701,61,"Chromosome 3"
68801,39,"Chromosome 3"
68901,103,"Chromosome 3"
69001,105,"Chromosome 3"
69101,59,"Chromosome 3"
69201,92,"Chromosome 3"
69301,94,"Chromosome 3"
69401,106,"Chromosome 3"
69501,105,"Chromosome 3"
69601,97,"Chromosome 3"
69701,55,"Chromosome 3"
69801,121,"Chromosome 3"
69901,61,"Chromosome 3"
70001,61,"Chromosome 3"
70101,59,"Chromosome 3"
70201,71,"Chromosome 3"
70301,50,"Chromosome 3"
70401,66,"Chromosome 3"
70501,127,"Chromosome 3"
70601,95,"Chromosome 3"
70701,65,"Chromosome 3"
70801,63,"Chromosome 3"
70901,61,"Chromosome 3"
71001,66,"Chromosome 3"
71101,116,"Chromosome 3"
71201,74,"Chromosome 3"
71301,85,"Chromosome 3"
71401,32,"Chromosome 3"
71501,81,"Chromosome 3"
71601,68,"Chromosome 3"
71701,92,"Chromosome 3"
71801,87,"Chromosome 3"
71901,84,"Chromosome 3"
72001,113,"Chromosome 3"
72101,69,"Chromosome 3"
72201,34,"Chromosome 3"
72301,67,"Chromosome 3"
72401,104,"Chromosome 3"
72501,84,"Chromosome 3"
72601,124,"Chromosome 3"
72701,88,"Chromosome 3"
72801,54,"Chromosome 3"
72901,55,"Chromosome 3"
73001,89,"Chromosome 3"
73101,83,"Chromosome 3"
73201,96,"Chromosome 3"
73301,101,"Chromosome 3"
73401,23,"Chromosome 3"
73501,90,"Chromosome 3"
73601,88,"Chromosome 3"
73701,52,"Chromosome 3"
73801,114,"Chromosome 3"
73901,77,"Chromosome 3"
74001,84,"Chromosome 3"
74101,60,"Chromosome 3"
74201,69,"Chromosome 3"
74301,67,"Chromosome 3"
74401,73,"Chromosome 3"
74501,96,"Chromosome 3"
74601,62,"Chromosome 3"
74701,110,"Chromosome 3"
74801,37,"Chromosome 3"
74901,74,"Chromosome 3"
75001,60,"Chromosome 3"
75101,63,"Chromosome 3"
75201,112,"Chromosome 3"
75301,57,"Chromosome 3"
75401,88,"Chromosome 3"
75501,72,"Chromosome 3"
75601,63,"Chromosome 3"
75701,61,"Chromosome 3"
75801,65,"Chromosome 3"
75901,68,"Chromosome 3"
76001,70,"Chromosome 3"
76101,93,"Chromosome 3"
76201,95,"Chromosome 3"
76301,39,"Chromosome 3"
76401,101,"Chromosome 3"
76501,112,"Chromosome 3"
76601,42,"Chromosome 3"
76701,80,"Chromosome 3"
76801,57,"Chromosome 3"
76901,75,"Chromosome 3"
77001,138,"Chromosome 3"
77101,95,"Chromosome 3"
77201,61,"Chromosome 3"
77301,62,"Chromosome 3"
77401,47,"Chromosome 3"
77501,122,"Chromosome 3"
77601,58,"Chromosome 3"
77701,59,"Chromosome 3"
77801,96,"Chromosome 3"
77901,56,"Chromosome 3"
78001,81,"Chromosome 3"
78101,76,"Chromosome 3"
78201,124,"Chromosome 3"
78301,56,"Chromosome 3"
78401,52,"Chromosome 3"
78501,71,"Chromosome 3"
78601,58,"Chromosome 3"
78701,129,"Chromosome 3"
78801,46,"Chromosome 3"
78901,81,"Chromosome 3"
79001,79,"Chromosome 3"
79101,67,"Chromosome 3"
79201,74,"Chromosome 3"
79301,86,"Chromosome 3"
79401,109,"Chromosome 3"
79501,82,"Chromosome 3"
79601,78,"Chromosome 3"
79701,84,"Chromosome 3"
79801,74,"Chromosome 3"
79901,71,"Chromosome 3"
80001,113,"Chromosome 3"
80101,60,"Chromosome 3"
80201,112,"Chromosome 3"
80301,82,"Chromosome 3"
80401,68,"Chromosome 3"
80501,61,"Chromosome 3"
80601,84,"Chromosome 3"
80701,89,"Chromosome 3"
80801,91,"Chromosome 3"
80901,58,"Chromosome 3"
81001,73,"Chromosome 3"
81101,68,"Chromosome 3"
81201,77,"Chromosome 3"
81301,74,"Chromosome 3"
81401,89,"Chromosome 3"
81501,76,"Chromosome 3"
81601,86,"Chromosome 3"
81701,51,"Chromosome 3"
81801,74,"Chromosome 3"
81901,69,"Chromosome 3"
82001,66,"Chromosome 3"
82101,49,"Chromosome 3"
82201,54,"Chromosome 3"
82301,103,"Chromosome 3"
82401,80,"Chromosome 3"
82501,106,"Chromosome 3"
82601,66,"Chromosome 3"
82701,91,"Chromosome 3"
82801,62,"Chromosome 3"
82901,90,"Chromosome 3"
83001,76,"Chromosome 3"
83101,85,"Chromosome 3"
83201,59,"Chromosome 3"
83301,65,"Chromosome 3"
83401,80,"Chromosome 3"
83501,103,"Chromosome 3"
83601,46,"Chromosome 3"
83701,105,"Chromosome 3"
83801,50,"Chromosome 3"
83901,72,"Chromosome 3"
84001,69,"Chromosome 3"
84101,107,"Chromosome 3"
84201,81,"Chromosome 3"
84301,126,"Chromosome 3"
84401,76,"Chromosome 3"
84501,78,"Chromosome 3"
84601,68,"Chromosome 3"
84701,79,"Chromosome 3"
84801,84,"Chromosome 3"
84901,66,"Chromosome 3"
85001,59,"Chromosome 3"
85101,71,"Chromosome 3"
85201,93,"Chromosome 3"
85301,75,"Chromosome 3"
85401,83,"Chromosome 3"
85501,55,"Chromosome 3"
85601,70,"Chromosome 3"
85701,118,"Chromosome 3"
85801,101,"Chromosome 3"
85901,112,"Chromosome 3"
86001,80,"Chromosome 3"
86101,71,"Chromosome 3"
86201,80,"Chromosome 3"
86301,147,"Chromosome 3"
86401,95,"Chromosome 3"
86501,64,"Chromosome 3"
86601,97,"Chromosome 3"
86701,79,"Chromosome 3"
86801,76,"Chromosome 3"
86901,82,"Chromosome 3"
87001,107,"Chromosome 3"
87101,94,"Chromosome 3"
87201,108,"Chromosome 3"
87301,58,"Chromosome 3"
87401,51,"Chromosome 3"
87501,68,"Chromosome 3"
87601,84,"Chromosome 3"
87701,154,"Chromosome 3"
87801,66,"Chromosome 3"
87901,106,"Chromosome 3"
88001,75,"Chromosome 3"
88101,54,"Chromosome 3"
88201,95,"Chromosome 3"
88301,33,"Chromosome 3"
88401,54,"Chromosome 3"
88501,54,"Chromosome 3"
88601,56,"Chromosome 3"
88701,94,"Chromosome 3"
88801,84,"Chromosome 3"
88901,95,"Chromosome 3"
89001,113,"Chromosome 3"
89101,80,"Chromosome 3"
89201,63,"Chromosome 3"
89301,58,"Chromosome 3"
89401,80,"Chromosome 3"
89501,99,"Chromosome 3"
89601,49,"Chromosome 3"
89701,73,"Chromosome 3"
89801,161,"Chromosome 3"
89901,116,"Chromosome 3"
90001,75,"Chromosome 3"
90101,109,"Chromosome 3"
90201,106,"Chromosome 3"
90301,105,"Chromosome 3"
90401,69,"Chromosome 3"
90501,121,"Chromosome 3"
90601,61,"Chromosome 3"
90701,105,"Chromosome 3"
90801,83,"Chromosome 3"
90901,61,"Chromosome 3"
91001,68,"Chromosome 3"
91101,95,"Chromosome 3"
91201,88,"Chromosome 3"
91301,112,"Chromosome 3"
91401,39,"Chromosome 3"
91501,74,"Chromosome 3"
91601,63,"Chromosome 3"
91701,100,"Chromosome 3"
91801,116,"Chromosome 3"
91901,63,"Chromosome 3"
92001,40,"Chromosome 3"
92101,70,"Chromosome 3"
92201,63,"Chromosome 3"
92301,88,"Chromosome 3"
92401,83,"Chromosome 3"
92501,133,"Chromosome 3"
92601,56,"Chromosome 3"
92701,86,"Chromosome 3"
92801,110,"Chromosome 3"
92901,64,"Chromosome 3"
93001,121,"Chromosome 3"
93101,75,"Chromosome 3"
93201,78,"Chromosome 3"
93301,79,"Chromosome 3"
93401,118,"Chromosome 3"
93501,71,"Chromosome 3"
93601,60,"Chromosome 3"
93701,92,"Chromosome 3"
93801,66,"Chromosome 3"
93901,61,"Chromosome 3"
94001,89,"Chromosome 3"
94101,65,"Chromosome 3"
94201,60,"Chromosome 3"
94301,84,"Chromosome 3"
94401,85,"Chromosome 3"
94501,34,"Chromosome 3"
94601,68,"Chromosome 3"
94701,53,"Chromosome 3"
94801,127,"Chromosome 3"
94901,122,"Chromosome 3"
95001,128,"Chromosome 3"
95101,57,"Chromosome 3"
95201,74,"Chromosome 3"
95301,128,"Chromosome 3"
95401,70,"Chromosome 3"
95501,39,"Chromosome 3"
95601,77,"Chromosome 3"
95701,88,"Chromosome 3"
95801,90,"Chromosome 3"
95901,69,"Chromosome 3"
96001,79,"Chromosome 3"
96101,74,"Chromosome 3"
96201,14,"Chromosome 3"
96301,70,"Chromosome 3"
96401,70,"Chromosome 3"
96501,60,"Chromosome 3"
96601,58,"Chromosome 3"
96701,41,"Chromosome 3"
96801,93,"Chromosome 3"
96901,51,"Chromosome 3"
97001,49,"Chromosome 3"
97101,82,"Chromosome 3"
97201,79,"Chromosome 3"
97301,75,"Chromosome 3"
97401,79,"Chromosome 3"
97501,64,"Chromosome 3"
97601,79,"Chromosome 3"
97701,75,"Chromosome 3"
97801,74,"Chromosome 3"
97901,96,"Chromosome 3"
98001,110,"Chromosome 3"
98101,92,"Chromosome 3"
98201,71,"Chromosome 3"
98301,79,"Chromosome 3"
98401,108,"Chromosome 3"
98501,69,"Chromosome 3"
98601,71,"Chromosome 3"
98701,24,"Chromosome 3"
98801,81,"Chromosome 3"
98901,63,"Chromosome 3"
99001,81,"Chromosome 3"
99101,89,"Chromosome 3"
99201,122,"Chromosome 3"
99301,45,"Chromosome 3"
99401,85,"Chromosome 3"
99501,146,"Chromosome 3"
99601,86,"Chromosome 3"
99701,94,"Chromosome 3"
99801,71,"Chromosome 3"
99901,53,"Chromosome 3"
